<?xml version="1.0" encoding="UTF-8"?>
<metadata xml:lang="en"><Esri><CreaDate>20161122</CreaDate><CreaTime>11400900</CreaTime><ArcGISFormat>1.0</ArcGISFormat><SyncOnce>FALSE</SyncOnce><DataProperties><lineage><Process ToolSource="c:\program files (x86)\arcgis\desktop10.1\ArcToolbox\Toolboxes\Data Management Tools.tbx\DefineProjection" Date="20161122" Time="113930">DefineProjection rt00000002 GEOGCS['GCS_WGS_1984',DATUM['D_WGS_1984',SPHEROID['WGS_1984',6378137.0,298.257223563]],PRIMEM['Greenwich',0.0],UNIT['Degree',0.0174532925199433]]</Process><Process ToolSource="c:\program files (x86)\arcgis\desktop10.1\ArcToolbox\Toolboxes\Data Management Tools.tbx\Merge" Date="20161222" Time="093742">Merge 2;4;10;14;16;18;20;28;30;33;35;40;45;51;53;55;60;62;66;68;70;71;76;78;81;83;90;92;94;96 "D:\Dec 16 Shake Up\Route\LocalCBD1216.shp" "VAR_ROUTE "VAR_ROUTE" true true false 6 Text 0 0 ,First,#,2,VAR_ROUTE,-1,-1,4,VAR_ROUTE,-1,-1,10,VAR_ROUTE,-1,-1,14,VAR_ROUTE,-1,-1,16,VAR_ROUTE,-1,-1,18,VAR_ROUTE,-1,-1,20,VAR_ROUTE,-1,-1,28,VAR_ROUTE,-1,-1,30,VAR_ROUTE,-1,-1,33,VAR_ROUTE,-1,-1,35,VAR_ROUTE,-1,-1,40,VAR_ROUTE,-1,-1,45,VAR_ROUTE,-1,-1,51,VAR_ROUTE,-1,-1,53,VAR_ROUTE,-1,-1,55,VAR_ROUTE,-1,-1,60,VAR_ROUTE,-1,-1,62,VAR_ROUTE,-1,-1,66,VAR_ROUTE,-1,-1,68,VAR_ROUTE,-1,-1,70,VAR_ROUTE,-1,-1,71,VAR_ROUTE,-1,-1,76,VAR_ROUTE,-1,-1,78,VAR_ROUTE,-1,-1,81,VAR_ROUTE,-1,-1,83,VAR_ROUTE,-1,-1,90,VAR_ROUTE,-1,-1,92,VAR_ROUTE,-1,-1,94,VAR_ROUTE,-1,-1,96,VAR_ROUTE,-1,-1;VAR_IDENT "VAR_IDENT" true true false 3 Text 0 0 ,First,#,2,VAR_IDENT,-1,-1,4,VAR_IDENT,-1,-1,10,VAR_IDENT,-1,-1,14,VAR_IDENT,-1,-1,16,VAR_IDENT,-1,-1,18,VAR_IDENT,-1,-1,20,VAR_IDENT,-1,-1,28,VAR_IDENT,-1,-1,30,VAR_IDENT,-1,-1,33,VAR_IDENT,-1,-1,35,VAR_IDENT,-1,-1,40,VAR_IDENT,-1,-1,45,VAR_IDENT,-1,-1,51,VAR_IDENT,-1,-1,53,VAR_IDENT,-1,-1,55,VAR_IDENT,-1,-1,60,VAR_IDENT,-1,-1,62,VAR_IDENT,-1,-1,66,VAR_IDENT,-1,-1,68,VAR_IDENT,-1,-1,70,VAR_IDENT,-1,-1,71,VAR_IDENT,-1,-1,76,VAR_IDENT,-1,-1,78,VAR_IDENT,-1,-1,81,VAR_IDENT,-1,-1,83,VAR_IDENT,-1,-1,90,VAR_IDENT,-1,-1,92,VAR_IDENT,-1,-1,94,VAR_IDENT,-1,-1,96,VAR_IDENT,-1,-1;VAR_DIREC "VAR_DIREC" true true false 11 Double 0 11 ,First,#,2,VAR_DIREC,-1,-1,4,VAR_DIREC,-1,-1,10,VAR_DIREC,-1,-1,14,VAR_DIREC,-1,-1,16,VAR_DIREC,-1,-1,18,VAR_DIREC,-1,-1,20,VAR_DIREC,-1,-1,28,VAR_DIREC,-1,-1,30,VAR_DIREC,-1,-1,33,VAR_DIREC,-1,-1,35,VAR_DIREC,-1,-1,40,VAR_DIREC,-1,-1,45,VAR_DIREC,-1,-1,51,VAR_DIREC,-1,-1,53,VAR_DIREC,-1,-1,55,VAR_DIREC,-1,-1,60,VAR_DIREC,-1,-1,62,VAR_DIREC,-1,-1,66,VAR_DIREC,-1,-1,68,VAR_DIREC,-1,-1,70,VAR_DIREC,-1,-1,71,VAR_DIREC,-1,-1,76,VAR_DIREC,-1,-1,78,VAR_DIREC,-1,-1,81,VAR_DIREC,-1,-1,83,VAR_DIREC,-1,-1,90,VAR_DIREC,-1,-1,92,VAR_DIREC,-1,-1,94,VAR_DIREC,-1,-1,96,VAR_DIREC,-1,-1;VAR_DESCR "VAR_DESCR" true true false 41 Text 0 0 ,First,#,2,VAR_DESCR,-1,-1,4,VAR_DESCR,-1,-1,10,VAR_DESCR,-1,-1,14,VAR_DESCR,-1,-1,16,VAR_DESCR,-1,-1,18,VAR_DESCR,-1,-1,20,VAR_DESCR,-1,-1,28,VAR_DESCR,-1,-1,30,VAR_DESCR,-1,-1,33,VAR_DESCR,-1,-1,35,VAR_DESCR,-1,-1,40,VAR_DESCR,-1,-1,45,VAR_DESCR,-1,-1,51,VAR_DESCR,-1,-1,53,VAR_DESCR,-1,-1,55,VAR_DESCR,-1,-1,60,VAR_DESCR,-1,-1,62,VAR_DESCR,-1,-1,66,VAR_DESCR,-1,-1,68,VAR_DESCR,-1,-1,70,VAR_DESCR,-1,-1,71,VAR_DESCR,-1,-1,76,VAR_DESCR,-1,-1,78,VAR_DESCR,-1,-1,81,VAR_DESCR,-1,-1,83,VAR_DESCR,-1,-1,90,VAR_DESCR,-1,-1,92,VAR_DESCR,-1,-1,94,VAR_DESCR,-1,-1,96,VAR_DESCR,-1,-1"</Process></lineage><itemProps><itemName Sync="TRUE">LocalCBD1216</itemName><imsContentType Sync="TRUE">002</imsContentType><itemSize Sync="TRUE">0.000</itemSize><itemLocation><linkage Sync="TRUE">file://\\MTA259105\D$\Dec 16 Shake Up\Route\LocalCBD1216.shp</linkage><protocol Sync="TRUE">Local Area Network</protocol></itemLocation></itemProps><coordRef><type Sync="TRUE">Geographic</type><geogcsn Sync="TRUE">GCS_WGS_1984</geogcsn><csUnits Sync="TRUE">Angular Unit: Degree (0.017453)</csUnits><peXml Sync="TRUE">&lt;GeographicCoordinateSystem xsi:type='typens:GeographicCoordinateSystem' xmlns:xsi='http://www.w3.org/2001/XMLSchema-instance' xmlns:xs='http://www.w3.org/2001/XMLSchema' xmlns:typens='http://www.esri.com/schemas/ArcGIS/10.1'&gt;&lt;WKT&gt;GEOGCS[&amp;quot;GCS_WGS_1984&amp;quot;,DATUM[&amp;quot;D_WGS_1984&amp;quot;,SPHEROID[&amp;quot;WGS_1984&amp;quot;,6378137.0,298.257223563]],PRIMEM[&amp;quot;Greenwich&amp;quot;,0.0],UNIT[&amp;quot;Degree&amp;quot;,0.0174532925199433],AUTHORITY[&amp;quot;EPSG&amp;quot;,4326]]&lt;/WKT&gt;&lt;XOrigin&gt;-400&lt;/XOrigin&gt;&lt;YOrigin&gt;-400&lt;/YOrigin&gt;&lt;XYScale&gt;11258999068426.238&lt;/XYScale&gt;&lt;ZOrigin&gt;-100000&lt;/ZOrigin&gt;&lt;ZScale&gt;10000&lt;/ZScale&gt;&lt;MOrigin&gt;-100000&lt;/MOrigin&gt;&lt;MScale&gt;10000&lt;/MScale&gt;&lt;XYTolerance&gt;8.983152841195215e-009&lt;/XYTolerance&gt;&lt;ZTolerance&gt;0.001&lt;/ZTolerance&gt;&lt;MTolerance&gt;0.001&lt;/MTolerance&gt;&lt;HighPrecision&gt;true&lt;/HighPrecision&gt;&lt;LeftLongitude&gt;-180&lt;/LeftLongitude&gt;&lt;WKID&gt;4326&lt;/WKID&gt;&lt;LatestWKID&gt;4326&lt;/LatestWKID&gt;&lt;/GeographicCoordinateSystem&gt;</peXml></coordRef></DataProperties><SyncDate>20161222</SyncDate><SyncTime>09374100</SyncTime><ModDate>20161222</ModDate><ModTime>09374100</ModTime></Esri><dataIdInfo><envirDesc Sync="TRUE">Microsoft Windows 7 Version 6.1 (Build 7601) Service Pack 1; Esri ArcGIS 10.1.1.3143</envirDesc><dataLang><languageCode value="eng" Sync="TRUE"></languageCode><countryCode value="USA" Sync="TRUE"></countryCode></dataLang><idCitation><resTitle Sync="TRUE">LocalCBD1216</resTitle><presForm><PresFormCd value="005" Sync="TRUE"></PresFormCd></presForm></idCitation><spatRpType><SpatRepTypCd value="001" Sync="TRUE"></SpatRepTypCd></spatRpType></dataIdInfo><mdLang><languageCode value="eng" Sync="TRUE"></languageCode><countryCode value="USA" Sync="TRUE"></countryCode></mdLang><mdChar><CharSetCd value="004" Sync="TRUE"></CharSetCd></mdChar><distInfo><distFormat><formatName Sync="TRUE">Shapefile</formatName></distFormat><distTranOps><transSize Sync="TRUE">0.000</transSize></distTranOps></distInfo><mdHrLv><ScopeCd value="005" Sync="TRUE"></ScopeCd></mdHrLv><mdHrLvName Sync="TRUE">dataset</mdHrLvName><refSysInfo><RefSystem><refSysID><identCode code="4326" Sync="TRUE"></identCode><idCodeSpace Sync="TRUE">EPSG</idCodeSpace><idVersion Sync="TRUE">7.11.2</idVersion></refSysID></RefSystem></refSysInfo><spatRepInfo><VectSpatRep><geometObjs Name="LocalCBD1216"><geoObjTyp><GeoObjTypCd value="002" Sync="TRUE"></GeoObjTypCd></geoObjTyp><geoObjCnt Sync="TRUE">0</geoObjCnt></geometObjs><topLvl><TopoLevCd value="001" Sync="TRUE"></TopoLevCd></topLvl></VectSpatRep></spatRepInfo><spdoinfo><ptvctinf><esriterm Name="LocalCBD1216"><efeatyp Sync="TRUE">Simple</efeatyp><efeageom code="3" Sync="TRUE"></efeageom><esritopo Sync="TRUE">FALSE</esritopo><efeacnt Sync="TRUE">0</efeacnt><spindex Sync="TRUE">FALSE</spindex><linrefer Sync="TRUE">TRUE</linrefer></esriterm></ptvctinf></spdoinfo><eainfo><detailed Name="LocalCBD1216"><enttyp><enttypl Sync="TRUE">LocalCBD1216</enttypl><enttypt Sync="TRUE">Feature Class</enttypt><enttypc Sync="TRUE">0</enttypc></enttyp><attr><attrlabl Sync="TRUE">FID</attrlabl><attalias Sync="TRUE">FID</attalias><attrtype Sync="TRUE">OID</attrtype><attwidth Sync="TRUE">4</attwidth><atprecis Sync="TRUE">0</atprecis><attscale Sync="TRUE">0</attscale><attrdef Sync="TRUE">Internal feature number.</attrdef><attrdefs Sync="TRUE">Esri</attrdefs><attrdomv><udom Sync="TRUE">Sequential unique whole numbers that are automatically generated.</udom></attrdomv></attr><attr><attrlabl Sync="TRUE">Shape</attrlabl><attalias Sync="TRUE">Shape</attalias><attrtype Sync="TRUE">Geometry</attrtype><attwidth Sync="TRUE">0</attwidth><atprecis Sync="TRUE">0</atprecis><attscale Sync="TRUE">0</attscale><attrdef Sync="TRUE">Feature geometry.</attrdef><attrdefs Sync="TRUE">Esri</attrdefs><attrdomv><udom Sync="TRUE">Coordinates defining the features.</udom></attrdomv></attr><attr><attrlabl Sync="TRUE">VAR_ROUTE</attrlabl><attalias Sync="TRUE">VAR_ROUTE</attalias><attrtype Sync="TRUE">String</attrtype><attwidth Sync="TRUE">6</attwidth><atprecis Sync="TRUE">0</atprecis><attscale Sync="TRUE">0</attscale></attr><attr><attrlabl Sync="TRUE">VAR_IDENT</attrlabl><attalias Sync="TRUE">VAR_IDENT</attalias><attrtype Sync="TRUE">String</attrtype><attwidth Sync="TRUE">3</attwidth><atprecis Sync="TRUE">0</atprecis><attscale Sync="TRUE">0</attscale></attr><attr><attrlabl Sync="TRUE">VAR_DIREC</attrlabl><attalias Sync="TRUE">VAR_DIREC</attalias><attrtype Sync="TRUE">Double</attrtype><attwidth Sync="TRUE">11</attwidth><atprecis Sync="TRUE">11</atprecis><attscale Sync="TRUE">0</attscale></attr><attr><attrlabl Sync="TRUE">VAR_DESCR</attrlabl><attalias Sync="TRUE">VAR_DESCR</attalias><attrtype Sync="TRUE">String</attrtype><attwidth Sync="TRUE">41</attwidth><atprecis Sync="TRUE">0</atprecis><attscale Sync="TRUE">0</attscale></attr></detailed></eainfo><mdDateSt Sync="TRUE">20161222</mdDateSt></metadata>
