<?xml version="1.0" encoding="UTF-8"?>
<metadata xml:lang="en"><Esri><CreaDate>20161201</CreaDate><CreaTime>08494700</CreaTime><ArcGISFormat>1.0</ArcGISFormat><SyncOnce>FALSE</SyncOnce><DataProperties><lineage><Process ToolSource="c:\program files (x86)\arcgis\desktop10.1\ArcToolbox\Toolboxes\Data Management Tools.tbx\DefineProjection" Date="20161201" Time="084920">DefineProjection rt00000704 Unknown</Process><Process ToolSource="c:\program files (x86)\arcgis\desktop10.1\ArcToolbox\Toolboxes\Data Management Tools.tbx\DefineProjection" Date="20161206" Time="105044">DefineProjection 704 GEOGCS['GCS_WGS_1984',DATUM['D_WGS_1984',SPHEROID['WGS_1984',6378137.0,298.257223563]],PRIMEM['Greenwich',0.0],UNIT['Degree',0.0174532925199433]]</Process><Process ToolSource="c:\program files (x86)\arcgis\desktop10.1\ArcToolbox\Toolboxes\Data Management Tools.tbx\Merge" Date="20161221" Time="152712">Merge 704;705;710;720;728;733;734;740;744;745;750;751;754;757;760;770;788;794;901;910 "D:\Dec 16 Shake Up\Route\RapidBRT1216.shp" "VAR_ROUTE "VAR_ROUTE" true true false 6 Text 0 0 ,First,#,704,VAR_ROUTE,-1,-1,705,VAR_ROUTE,-1,-1,710,VAR_ROUTE,-1,-1,720,VAR_ROUTE,-1,-1,728,VAR_ROUTE,-1,-1,733,VAR_ROUTE,-1,-1,734,VAR_ROUTE,-1,-1,740,VAR_ROUTE,-1,-1,744,VAR_ROUTE,-1,-1,745,VAR_ROUTE,-1,-1,750,VAR_ROUTE,-1,-1,751,VAR_ROUTE,-1,-1,754,VAR_ROUTE,-1,-1,757,VAR_ROUTE,-1,-1,760,VAR_ROUTE,-1,-1,770,VAR_ROUTE,-1,-1,788,VAR_ROUTE,-1,-1,794,VAR_ROUTE,-1,-1,901,VAR_ROUTE,-1,-1,910,VAR_ROUTE,-1,-1;VAR_IDENT "VAR_IDENT" true true false 3 Text 0 0 ,First,#,704,VAR_IDENT,-1,-1,705,VAR_IDENT,-1,-1,710,VAR_IDENT,-1,-1,720,VAR_IDENT,-1,-1,728,VAR_IDENT,-1,-1,733,VAR_IDENT,-1,-1,734,VAR_IDENT,-1,-1,740,VAR_IDENT,-1,-1,744,VAR_IDENT,-1,-1,745,VAR_IDENT,-1,-1,750,VAR_IDENT,-1,-1,751,VAR_IDENT,-1,-1,754,VAR_IDENT,-1,-1,757,VAR_IDENT,-1,-1,760,VAR_IDENT,-1,-1,770,VAR_IDENT,-1,-1,788,VAR_IDENT,-1,-1,794,VAR_IDENT,-1,-1,901,VAR_IDENT,-1,-1,910,VAR_IDENT,-1,-1;VAR_DIREC "VAR_DIREC" true true false 11 Double 0 11 ,First,#,704,VAR_DIREC,-1,-1,705,VAR_DIREC,-1,-1,710,VAR_DIREC,-1,-1,720,VAR_DIREC,-1,-1,728,VAR_DIREC,-1,-1,733,VAR_DIREC,-1,-1,734,VAR_DIREC,-1,-1,740,VAR_DIREC,-1,-1,744,VAR_DIREC,-1,-1,745,VAR_DIREC,-1,-1,750,VAR_DIREC,-1,-1,751,VAR_DIREC,-1,-1,754,VAR_DIREC,-1,-1,757,VAR_DIREC,-1,-1,760,VAR_DIREC,-1,-1,770,VAR_DIREC,-1,-1,788,VAR_DIREC,-1,-1,794,VAR_DIREC,-1,-1,901,VAR_DIREC,-1,-1,910,VAR_DIREC,-1,-1;VAR_DESCR "VAR_DESCR" true true false 41 Text 0 0 ,First,#,704,VAR_DESCR,-1,-1,705,VAR_DESCR,-1,-1,710,VAR_DESCR,-1,-1,720,VAR_DESCR,-1,-1,728,VAR_DESCR,-1,-1,733,VAR_DESCR,-1,-1,734,VAR_DESCR,-1,-1,740,VAR_DESCR,-1,-1,744,VAR_DESCR,-1,-1,745,VAR_DESCR,-1,-1,750,VAR_DESCR,-1,-1,751,VAR_DESCR,-1,-1,754,VAR_DESCR,-1,-1,757,VAR_DESCR,-1,-1,760,VAR_DESCR,-1,-1,770,VAR_DESCR,-1,-1,788,VAR_DESCR,-1,-1,794,VAR_DESCR,-1,-1,901,VAR_DESCR,-1,-1,910,VAR_DESCR,-1,-1"</Process></lineage><itemProps><itemName Sync="TRUE">RapidBRT1216</itemName><imsContentType Sync="TRUE">002</imsContentType><itemSize Sync="TRUE">0.000</itemSize><itemLocation><linkage Sync="TRUE">file://\\MTA259105\D$\Dec 16 Shake Up\Route\RapidBRT1216.shp</linkage><protocol Sync="TRUE">Local Area Network</protocol></itemLocation></itemProps><coordRef><type Sync="TRUE">Geographic</type><geogcsn Sync="TRUE">GCS_WGS_1984</geogcsn><csUnits Sync="TRUE">Angular Unit: Degree (0.017453)</csUnits><peXml Sync="TRUE">&lt;GeographicCoordinateSystem xsi:type='typens:GeographicCoordinateSystem' xmlns:xsi='http://www.w3.org/2001/XMLSchema-instance' xmlns:xs='http://www.w3.org/2001/XMLSchema' xmlns:typens='http://www.esri.com/schemas/ArcGIS/10.1'&gt;&lt;WKT&gt;GEOGCS[&amp;quot;GCS_WGS_1984&amp;quot;,DATUM[&amp;quot;D_WGS_1984&amp;quot;,SPHEROID[&amp;quot;WGS_1984&amp;quot;,6378137.0,298.257223563]],PRIMEM[&amp;quot;Greenwich&amp;quot;,0.0],UNIT[&amp;quot;Degree&amp;quot;,0.0174532925199433],AUTHORITY[&amp;quot;EPSG&amp;quot;,4326]]&lt;/WKT&gt;&lt;XOrigin&gt;-400&lt;/XOrigin&gt;&lt;YOrigin&gt;-400&lt;/YOrigin&gt;&lt;XYScale&gt;11258999068426.238&lt;/XYScale&gt;&lt;ZOrigin&gt;-100000&lt;/ZOrigin&gt;&lt;ZScale&gt;10000&lt;/ZScale&gt;&lt;MOrigin&gt;-100000&lt;/MOrigin&gt;&lt;MScale&gt;10000&lt;/MScale&gt;&lt;XYTolerance&gt;8.983152841195215e-009&lt;/XYTolerance&gt;&lt;ZTolerance&gt;0.001&lt;/ZTolerance&gt;&lt;MTolerance&gt;0.001&lt;/MTolerance&gt;&lt;HighPrecision&gt;true&lt;/HighPrecision&gt;&lt;LeftLongitude&gt;-180&lt;/LeftLongitude&gt;&lt;WKID&gt;4326&lt;/WKID&gt;&lt;LatestWKID&gt;4326&lt;/LatestWKID&gt;&lt;/GeographicCoordinateSystem&gt;</peXml></coordRef></DataProperties><SyncDate>20161221</SyncDate><SyncTime>15271200</SyncTime><ModDate>20161221</ModDate><ModTime>15271200</ModTime></Esri><dataIdInfo><envirDesc Sync="TRUE">Microsoft Windows 7 Version 6.1 (Build 7601) Service Pack 1; Esri ArcGIS 10.1.1.3143</envirDesc><dataLang><languageCode value="eng" Sync="TRUE"></languageCode><countryCode value="USA" Sync="TRUE"></countryCode></dataLang><idCitation><resTitle Sync="TRUE">RapidBRT1216</resTitle><presForm><PresFormCd value="005" Sync="TRUE"></PresFormCd></presForm></idCitation><spatRpType><SpatRepTypCd value="001" Sync="TRUE"></SpatRepTypCd></spatRpType></dataIdInfo><mdLang><languageCode value="eng" Sync="TRUE"></languageCode><countryCode value="USA" Sync="TRUE"></countryCode></mdLang><mdChar><CharSetCd value="004" Sync="TRUE"></CharSetCd></mdChar><distInfo><distFormat><formatName Sync="TRUE">Shapefile</formatName></distFormat><distTranOps><transSize Sync="TRUE">0.000</transSize></distTranOps></distInfo><mdHrLv><ScopeCd value="005" Sync="TRUE"></ScopeCd></mdHrLv><mdHrLvName Sync="TRUE">dataset</mdHrLvName><refSysInfo><RefSystem><refSysID><identCode code="4326" Sync="TRUE"></identCode><idCodeSpace Sync="TRUE">EPSG</idCodeSpace><idVersion Sync="TRUE">7.11.2</idVersion></refSysID></RefSystem></refSysInfo><spatRepInfo><VectSpatRep><geometObjs Name="RapidBRT1216"><geoObjTyp><GeoObjTypCd value="002" Sync="TRUE"></GeoObjTypCd></geoObjTyp><geoObjCnt Sync="TRUE">0</geoObjCnt></geometObjs><topLvl><TopoLevCd value="001" Sync="TRUE"></TopoLevCd></topLvl></VectSpatRep></spatRepInfo><spdoinfo><ptvctinf><esriterm Name="RapidBRT1216"><efeatyp Sync="TRUE">Simple</efeatyp><efeageom code="3" Sync="TRUE"></efeageom><esritopo Sync="TRUE">FALSE</esritopo><efeacnt Sync="TRUE">0</efeacnt><spindex Sync="TRUE">FALSE</spindex><linrefer Sync="TRUE">TRUE</linrefer></esriterm></ptvctinf></spdoinfo><eainfo><detailed Name="RapidBRT1216"><enttyp><enttypl Sync="TRUE">RapidBRT1216</enttypl><enttypt Sync="TRUE">Feature Class</enttypt><enttypc Sync="TRUE">0</enttypc></enttyp><attr><attrlabl Sync="TRUE">FID</attrlabl><attalias Sync="TRUE">FID</attalias><attrtype Sync="TRUE">OID</attrtype><attwidth Sync="TRUE">4</attwidth><atprecis Sync="TRUE">0</atprecis><attscale Sync="TRUE">0</attscale><attrdef Sync="TRUE">Internal feature number.</attrdef><attrdefs Sync="TRUE">Esri</attrdefs><attrdomv><udom Sync="TRUE">Sequential unique whole numbers that are automatically generated.</udom></attrdomv></attr><attr><attrlabl Sync="TRUE">Shape</attrlabl><attalias Sync="TRUE">Shape</attalias><attrtype Sync="TRUE">Geometry</attrtype><attwidth Sync="TRUE">0</attwidth><atprecis Sync="TRUE">0</atprecis><attscale Sync="TRUE">0</attscale><attrdef Sync="TRUE">Feature geometry.</attrdef><attrdefs Sync="TRUE">Esri</attrdefs><attrdomv><udom Sync="TRUE">Coordinates defining the features.</udom></attrdomv></attr><attr><attrlabl Sync="TRUE">VAR_ROUTE</attrlabl><attalias Sync="TRUE">VAR_ROUTE</attalias><attrtype Sync="TRUE">String</attrtype><attwidth Sync="TRUE">6</attwidth><atprecis Sync="TRUE">0</atprecis><attscale Sync="TRUE">0</attscale></attr><attr><attrlabl Sync="TRUE">VAR_IDENT</attrlabl><attalias Sync="TRUE">VAR_IDENT</attalias><attrtype Sync="TRUE">String</attrtype><attwidth Sync="TRUE">3</attwidth><atprecis Sync="TRUE">0</atprecis><attscale Sync="TRUE">0</attscale></attr><attr><attrlabl Sync="TRUE">VAR_DIREC</attrlabl><attalias Sync="TRUE">VAR_DIREC</attalias><attrtype Sync="TRUE">Double</attrtype><attwidth Sync="TRUE">11</attwidth><atprecis Sync="TRUE">11</atprecis><attscale Sync="TRUE">0</attscale></attr><attr><attrlabl Sync="TRUE">VAR_DESCR</attrlabl><attalias Sync="TRUE">VAR_DESCR</attalias><attrtype Sync="TRUE">String</attrtype><attwidth Sync="TRUE">41</attwidth><atprecis Sync="TRUE">0</atprecis><attscale Sync="TRUE">0</attscale></attr></detailed></eainfo><mdDateSt Sync="TRUE">20161221</mdDateSt></metadata>
