<?xml version="1.0" encoding="UTF-8"?>
<metadata xml:lang="en"><Esri><CreaDate>20161205</CreaDate><CreaTime>10340200</CreaTime><ArcGISFormat>1.0</ArcGISFormat><SyncOnce>FALSE</SyncOnce><DataProperties><lineage><Process ToolSource="c:\program files (x86)\arcgis\desktop10.1\ArcToolbox\Toolboxes\Data Management Tools.tbx\DefineProjection" Date="20161205" Time="103348">DefineProjection rt00000292 GEOGCS['GCS_WGS_1984',DATUM['D_WGS_1984',SPHEROID['WGS_1984',6378137.0,298.257223563]],PRIMEM['Greenwich',0.0],UNIT['Degree',0.0174532925199433]]</Process><Process ToolSource="c:\program files (x86)\arcgis\desktop10.1\ArcToolbox\Toolboxes\Data Management Tools.tbx\Merge" Date="20161221" Time="142824">Merge 292;268;267;266;265;260;258;256;254;251;246;245;243;239;237;236;234;233;232;230;224;222;218;217;212;211;210;209;207;206;205;204;202;201;200;183;180;177;176;175;169;167;166;165;164;163;161;158;155;154;152;150;130;128;127;126;125;120;117;105;102;106;108;110;111;115 "D:\Dec 16 Shake Up\Route\LocalNonCBD1216.shp" "VAR_ROUTE "VAR_ROUTE" true true false 6 Text 0 0 ,First,#,292,VAR_ROUTE,-1,-1,268,VAR_ROUTE,-1,-1,267,VAR_ROUTE,-1,-1,266,VAR_ROUTE,-1,-1,265,VAR_ROUTE,-1,-1,260,VAR_ROUTE,-1,-1,258,VAR_ROUTE,-1,-1,256,VAR_ROUTE,-1,-1,254,VAR_ROUTE,-1,-1,251,VAR_ROUTE,-1,-1,246,VAR_ROUTE,-1,-1,245,VAR_ROUTE,-1,-1,243,VAR_ROUTE,-1,-1,239,VAR_ROUTE,-1,-1,237,VAR_ROUTE,-1,-1,236,VAR_ROUTE,-1,-1,234,VAR_ROUTE,-1,-1,233,VAR_ROUTE,-1,-1,232,VAR_ROUTE,-1,-1,230,VAR_ROUTE,-1,-1,224,VAR_ROUTE,-1,-1,222,VAR_ROUTE,-1,-1,218,VAR_ROUTE,-1,-1,217,VAR_ROUTE,-1,-1,212,VAR_ROUTE,-1,-1,211,VAR_ROUTE,-1,-1,210,VAR_ROUTE,-1,-1,209,VAR_ROUTE,-1,-1,207,VAR_ROUTE,-1,-1,206,VAR_ROUTE,-1,-1,205,VAR_ROUTE,-1,-1,204,VAR_ROUTE,-1,-1,202,VAR_ROUTE,-1,-1,201,VAR_ROUTE,-1,-1,200,VAR_ROUTE,-1,-1,183,VAR_ROUTE,-1,-1,180,VAR_ROUTE,-1,-1,177,VAR_ROUTE,-1,-1,176,VAR_ROUTE,-1,-1,175,VAR_ROUTE,-1,-1,169,VAR_ROUTE,-1,-1,167,VAR_ROUTE,-1,-1,166,VAR_ROUTE,-1,-1,165,VAR_ROUTE,-1,-1,164,VAR_ROUTE,-1,-1,163,VAR_ROUTE,-1,-1,161,VAR_ROUTE,-1,-1,158,VAR_ROUTE,-1,-1,155,VAR_ROUTE,-1,-1,154,VAR_ROUTE,-1,-1,152,VAR_ROUTE,-1,-1,150,VAR_ROUTE,-1,-1,130,VAR_ROUTE,-1,-1,128,VAR_ROUTE,-1,-1,127,VAR_ROUTE,-1,-1,126,VAR_ROUTE,-1,-1,125,VAR_ROUTE,-1,-1,120,VAR_ROUTE,-1,-1,117,VAR_ROUTE,-1,-1,105,VAR_ROUTE,-1,-1,102,VAR_ROUTE,-1,-1,106,VAR_ROUTE,-1,-1,108,VAR_ROUTE,-1,-1,110,VAR_ROUTE,-1,-1,111,VAR_ROUTE,-1,-1,115,VAR_ROUTE,-1,-1;VAR_IDENT "VAR_IDENT" true true false 3 Text 0 0 ,First,#,292,VAR_IDENT,-1,-1,268,VAR_IDENT,-1,-1,267,VAR_IDENT,-1,-1,266,VAR_IDENT,-1,-1,265,VAR_IDENT,-1,-1,260,VAR_IDENT,-1,-1,258,VAR_IDENT,-1,-1,256,VAR_IDENT,-1,-1,254,VAR_IDENT,-1,-1,251,VAR_IDENT,-1,-1,246,VAR_IDENT,-1,-1,245,VAR_IDENT,-1,-1,243,VAR_IDENT,-1,-1,239,VAR_IDENT,-1,-1,237,VAR_IDENT,-1,-1,236,VAR_IDENT,-1,-1,234,VAR_IDENT,-1,-1,233,VAR_IDENT,-1,-1,232,VAR_IDENT,-1,-1,230,VAR_IDENT,-1,-1,224,VAR_IDENT,-1,-1,222,VAR_IDENT,-1,-1,218,VAR_IDENT,-1,-1,217,VAR_IDENT,-1,-1,212,VAR_IDENT,-1,-1,211,VAR_IDENT,-1,-1,210,VAR_IDENT,-1,-1,209,VAR_IDENT,-1,-1,207,VAR_IDENT,-1,-1,206,VAR_IDENT,-1,-1,205,VAR_IDENT,-1,-1,204,VAR_IDENT,-1,-1,202,VAR_IDENT,-1,-1,201,VAR_IDENT,-1,-1,200,VAR_IDENT,-1,-1,183,VAR_IDENT,-1,-1,180,VAR_IDENT,-1,-1,177,VAR_IDENT,-1,-1,176,VAR_IDENT,-1,-1,175,VAR_IDENT,-1,-1,169,VAR_IDENT,-1,-1,167,VAR_IDENT,-1,-1,166,VAR_IDENT,-1,-1,165,VAR_IDENT,-1,-1,164,VAR_IDENT,-1,-1,163,VAR_IDENT,-1,-1,161,VAR_IDENT,-1,-1,158,VAR_IDENT,-1,-1,155,VAR_IDENT,-1,-1,154,VAR_IDENT,-1,-1,152,VAR_IDENT,-1,-1,150,VAR_IDENT,-1,-1,130,VAR_IDENT,-1,-1,128,VAR_IDENT,-1,-1,127,VAR_IDENT,-1,-1,126,VAR_IDENT,-1,-1,125,VAR_IDENT,-1,-1,120,VAR_IDENT,-1,-1,117,VAR_IDENT,-1,-1,105,VAR_IDENT,-1,-1,102,VAR_IDENT,-1,-1,106,VAR_IDENT,-1,-1,108,VAR_IDENT,-1,-1,110,VAR_IDENT,-1,-1,111,VAR_IDENT,-1,-1,115,VAR_IDENT,-1,-1;VAR_DIREC "VAR_DIREC" true true false 11 Double 0 11 ,First,#,292,VAR_DIREC,-1,-1,268,VAR_DIREC,-1,-1,267,VAR_DIREC,-1,-1,266,VAR_DIREC,-1,-1,265,VAR_DIREC,-1,-1,260,VAR_DIREC,-1,-1,258,VAR_DIREC,-1,-1,256,VAR_DIREC,-1,-1,254,VAR_DIREC,-1,-1,251,VAR_DIREC,-1,-1,246,VAR_DIREC,-1,-1,245,VAR_DIREC,-1,-1,243,VAR_DIREC,-1,-1,239,VAR_DIREC,-1,-1,237,VAR_DIREC,-1,-1,236,VAR_DIREC,-1,-1,234,VAR_DIREC,-1,-1,233,VAR_DIREC,-1,-1,232,VAR_DIREC,-1,-1,230,VAR_DIREC,-1,-1,224,VAR_DIREC,-1,-1,222,VAR_DIREC,-1,-1,218,VAR_DIREC,-1,-1,217,VAR_DIREC,-1,-1,212,VAR_DIREC,-1,-1,211,VAR_DIREC,-1,-1,210,VAR_DIREC,-1,-1,209,VAR_DIREC,-1,-1,207,VAR_DIREC,-1,-1,206,VAR_DIREC,-1,-1,205,VAR_DIREC,-1,-1,204,VAR_DIREC,-1,-1,202,VAR_DIREC,-1,-1,201,VAR_DIREC,-1,-1,200,VAR_DIREC,-1,-1,183,VAR_DIREC,-1,-1,180,VAR_DIREC,-1,-1,177,VAR_DIREC,-1,-1,176,VAR_DIREC,-1,-1,175,VAR_DIREC,-1,-1,169,VAR_DIREC,-1,-1,167,VAR_DIREC,-1,-1,166,VAR_DIREC,-1,-1,165,VAR_DIREC,-1,-1,164,VAR_DIREC,-1,-1,163,VAR_DIREC,-1,-1,161,VAR_DIREC,-1,-1,158,VAR_DIREC,-1,-1,155,VAR_DIREC,-1,-1,154,VAR_DIREC,-1,-1,152,VAR_DIREC,-1,-1,150,VAR_DIREC,-1,-1,130,VAR_DIREC,-1,-1,128,VAR_DIREC,-1,-1,127,VAR_DIREC,-1,-1,126,VAR_DIREC,-1,-1,125,VAR_DIREC,-1,-1,120,VAR_DIREC,-1,-1,117,VAR_DIREC,-1,-1,105,VAR_DIREC,-1,-1,102,VAR_DIREC,-1,-1,106,VAR_DIREC,-1,-1,108,VAR_DIREC,-1,-1,110,VAR_DIREC,-1,-1,111,VAR_DIREC,-1,-1,115,VAR_DIREC,-1,-1;VAR_DESCR "VAR_DESCR" true true false 41 Text 0 0 ,First,#,292,VAR_DESCR,-1,-1,268,VAR_DESCR,-1,-1,267,VAR_DESCR,-1,-1,266,VAR_DESCR,-1,-1,265,VAR_DESCR,-1,-1,260,VAR_DESCR,-1,-1,258,VAR_DESCR,-1,-1,256,VAR_DESCR,-1,-1,254,VAR_DESCR,-1,-1,251,VAR_DESCR,-1,-1,246,VAR_DESCR,-1,-1,245,VAR_DESCR,-1,-1,243,VAR_DESCR,-1,-1,239,VAR_DESCR,-1,-1,237,VAR_DESCR,-1,-1,236,VAR_DESCR,-1,-1,234,VAR_DESCR,-1,-1,233,VAR_DESCR,-1,-1,232,VAR_DESCR,-1,-1,230,VAR_DESCR,-1,-1,224,VAR_DESCR,-1,-1,222,VAR_DESCR,-1,-1,218,VAR_DESCR,-1,-1,217,VAR_DESCR,-1,-1,212,VAR_DESCR,-1,-1,211,VAR_DESCR,-1,-1,210,VAR_DESCR,-1,-1,209,VAR_DESCR,-1,-1,207,VAR_DESCR,-1,-1,206,VAR_DESCR,-1,-1,205,VAR_DESCR,-1,-1,204,VAR_DESCR,-1,-1,202,VAR_DESCR,-1,-1,201,VAR_DESCR,-1,-1,200,VAR_DESCR,-1,-1,183,VAR_DESCR,-1,-1,180,VAR_DESCR,-1,-1,177,VAR_DESCR,-1,-1,176,VAR_DESCR,-1,-1,175,VAR_DESCR,-1,-1,169,VAR_DESCR,-1,-1,167,VAR_DESCR,-1,-1,166,VAR_DESCR,-1,-1,165,VAR_DESCR,-1,-1,164,VAR_DESCR,-1,-1,163,VAR_DESCR,-1,-1,161,VAR_DESCR,-1,-1,158,VAR_DESCR,-1,-1,155,VAR_DESCR,-1,-1,154,VAR_DESCR,-1,-1,152,VAR_DESCR,-1,-1,150,VAR_DESCR,-1,-1,130,VAR_DESCR,-1,-1,128,VAR_DESCR,-1,-1,127,VAR_DESCR,-1,-1,126,VAR_DESCR,-1,-1,125,VAR_DESCR,-1,-1,120,VAR_DESCR,-1,-1,117,VAR_DESCR,-1,-1,105,VAR_DESCR,-1,-1,102,VAR_DESCR,-1,-1,106,VAR_DESCR,-1,-1,108,VAR_DESCR,-1,-1,110,VAR_DESCR,-1,-1,111,VAR_DESCR,-1,-1,115,VAR_DESCR,-1,-1"</Process></lineage><itemProps><itemName Sync="TRUE">LocalNonCBD1216</itemName><imsContentType Sync="TRUE">002</imsContentType><itemSize Sync="TRUE">0.000</itemSize><itemLocation><linkage Sync="TRUE">file://\\MTA259105\D$\Dec 16 Shake Up\Route\LocalNonCBD1216.shp</linkage><protocol Sync="TRUE">Local Area Network</protocol></itemLocation></itemProps><coordRef><type Sync="TRUE">Geographic</type><geogcsn Sync="TRUE">GCS_WGS_1984</geogcsn><csUnits Sync="TRUE">Angular Unit: Degree (0.017453)</csUnits><peXml Sync="TRUE">&lt;GeographicCoordinateSystem xsi:type='typens:GeographicCoordinateSystem' xmlns:xsi='http://www.w3.org/2001/XMLSchema-instance' xmlns:xs='http://www.w3.org/2001/XMLSchema' xmlns:typens='http://www.esri.com/schemas/ArcGIS/10.1'&gt;&lt;WKT&gt;GEOGCS[&amp;quot;GCS_WGS_1984&amp;quot;,DATUM[&amp;quot;D_WGS_1984&amp;quot;,SPHEROID[&amp;quot;WGS_1984&amp;quot;,6378137.0,298.257223563]],PRIMEM[&amp;quot;Greenwich&amp;quot;,0.0],UNIT[&amp;quot;Degree&amp;quot;,0.0174532925199433],AUTHORITY[&amp;quot;EPSG&amp;quot;,4326]]&lt;/WKT&gt;&lt;XOrigin&gt;-400&lt;/XOrigin&gt;&lt;YOrigin&gt;-400&lt;/YOrigin&gt;&lt;XYScale&gt;11258999068426.238&lt;/XYScale&gt;&lt;ZOrigin&gt;-100000&lt;/ZOrigin&gt;&lt;ZScale&gt;10000&lt;/ZScale&gt;&lt;MOrigin&gt;-100000&lt;/MOrigin&gt;&lt;MScale&gt;10000&lt;/MScale&gt;&lt;XYTolerance&gt;8.983152841195215e-009&lt;/XYTolerance&gt;&lt;ZTolerance&gt;0.001&lt;/ZTolerance&gt;&lt;MTolerance&gt;0.001&lt;/MTolerance&gt;&lt;HighPrecision&gt;true&lt;/HighPrecision&gt;&lt;LeftLongitude&gt;-180&lt;/LeftLongitude&gt;&lt;WKID&gt;4326&lt;/WKID&gt;&lt;LatestWKID&gt;4326&lt;/LatestWKID&gt;&lt;/GeographicCoordinateSystem&gt;</peXml></coordRef></DataProperties><SyncDate>20161221</SyncDate><SyncTime>14282300</SyncTime><ModDate>20161221</ModDate><ModTime>14282300</ModTime></Esri><dataIdInfo><envirDesc Sync="TRUE">Microsoft Windows 7 Version 6.1 (Build 7601) Service Pack 1; Esri ArcGIS 10.1.1.3143</envirDesc><dataLang><languageCode value="eng" Sync="TRUE"></languageCode><countryCode value="USA" Sync="TRUE"></countryCode></dataLang><idCitation><resTitle Sync="TRUE">LocalNonCBD1216</resTitle><presForm><PresFormCd value="005" Sync="TRUE"></PresFormCd></presForm></idCitation><spatRpType><SpatRepTypCd value="001" Sync="TRUE"></SpatRepTypCd></spatRpType></dataIdInfo><mdLang><languageCode value="eng" Sync="TRUE"></languageCode><countryCode value="USA" Sync="TRUE"></countryCode></mdLang><mdChar><CharSetCd value="004" Sync="TRUE"></CharSetCd></mdChar><distInfo><distFormat><formatName Sync="TRUE">Shapefile</formatName></distFormat><distTranOps><transSize Sync="TRUE">0.000</transSize></distTranOps></distInfo><mdHrLv><ScopeCd value="005" Sync="TRUE"></ScopeCd></mdHrLv><mdHrLvName Sync="TRUE">dataset</mdHrLvName><refSysInfo><RefSystem><refSysID><identCode code="4326" Sync="TRUE"></identCode><idCodeSpace Sync="TRUE">EPSG</idCodeSpace><idVersion Sync="TRUE">7.11.2</idVersion></refSysID></RefSystem></refSysInfo><spatRepInfo><VectSpatRep><geometObjs Name="LocalNonCBD1216"><geoObjTyp><GeoObjTypCd value="002" Sync="TRUE"></GeoObjTypCd></geoObjTyp><geoObjCnt Sync="TRUE">0</geoObjCnt></geometObjs><topLvl><TopoLevCd value="001" Sync="TRUE"></TopoLevCd></topLvl></VectSpatRep></spatRepInfo><spdoinfo><ptvctinf><esriterm Name="LocalNonCBD1216"><efeatyp Sync="TRUE">Simple</efeatyp><efeageom code="3" Sync="TRUE"></efeageom><esritopo Sync="TRUE">FALSE</esritopo><efeacnt Sync="TRUE">0</efeacnt><spindex Sync="TRUE">FALSE</spindex><linrefer Sync="TRUE">TRUE</linrefer></esriterm></ptvctinf></spdoinfo><eainfo><detailed Name="LocalNonCBD1216"><enttyp><enttypl Sync="TRUE">LocalNonCBD1216</enttypl><enttypt Sync="TRUE">Feature Class</enttypt><enttypc Sync="TRUE">0</enttypc></enttyp><attr><attrlabl Sync="TRUE">FID</attrlabl><attalias Sync="TRUE">FID</attalias><attrtype Sync="TRUE">OID</attrtype><attwidth Sync="TRUE">4</attwidth><atprecis Sync="TRUE">0</atprecis><attscale Sync="TRUE">0</attscale><attrdef Sync="TRUE">Internal feature number.</attrdef><attrdefs Sync="TRUE">Esri</attrdefs><attrdomv><udom Sync="TRUE">Sequential unique whole numbers that are automatically generated.</udom></attrdomv></attr><attr><attrlabl Sync="TRUE">Shape</attrlabl><attalias Sync="TRUE">Shape</attalias><attrtype Sync="TRUE">Geometry</attrtype><attwidth Sync="TRUE">0</attwidth><atprecis Sync="TRUE">0</atprecis><attscale Sync="TRUE">0</attscale><attrdef Sync="TRUE">Feature geometry.</attrdef><attrdefs Sync="TRUE">Esri</attrdefs><attrdomv><udom Sync="TRUE">Coordinates defining the features.</udom></attrdomv></attr><attr><attrlabl Sync="TRUE">VAR_ROUTE</attrlabl><attalias Sync="TRUE">VAR_ROUTE</attalias><attrtype Sync="TRUE">String</attrtype><attwidth Sync="TRUE">6</attwidth><atprecis Sync="TRUE">0</atprecis><attscale Sync="TRUE">0</attscale></attr><attr><attrlabl Sync="TRUE">VAR_IDENT</attrlabl><attalias Sync="TRUE">VAR_IDENT</attalias><attrtype Sync="TRUE">String</attrtype><attwidth Sync="TRUE">3</attwidth><atprecis Sync="TRUE">0</atprecis><attscale Sync="TRUE">0</attscale></attr><attr><attrlabl Sync="TRUE">VAR_DIREC</attrlabl><attalias Sync="TRUE">VAR_DIREC</attalias><attrtype Sync="TRUE">Double</attrtype><attwidth Sync="TRUE">11</attwidth><atprecis Sync="TRUE">11</atprecis><attscale Sync="TRUE">0</attscale></attr><attr><attrlabl Sync="TRUE">VAR_DESCR</attrlabl><attalias Sync="TRUE">VAR_DESCR</attalias><attrtype Sync="TRUE">String</attrtype><attwidth Sync="TRUE">41</attwidth><atprecis Sync="TRUE">0</atprecis><attscale Sync="TRUE">0</attscale></attr></detailed></eainfo><mdDateSt Sync="TRUE">20161221</mdDateSt></metadata>
