<?xml version="1.0" encoding="UTF-8"?>
<metadata xml:lang="en"><Esri><CreaDate>20161207</CreaDate><CreaTime>14112900</CreaTime><ArcGISFormat>1.0</ArcGISFormat><SyncOnce>FALSE</SyncOnce><DataProperties><lineage><Process ToolSource="c:\program files (x86)\arcgis\desktop10.1\ArcToolbox\Toolboxes\Data Management Tools.tbx\DefineProjection" Date="20160614" Time="091058">DefineProjection rt00000010 GEOGCS['GCS_WGS_1984',DATUM['D_WGS_1984',SPHEROID['WGS_1984',6378137.0,298.257223563]],PRIMEM['Greenwich',0.0],UNIT['Degree',0.0174532925199433]]</Process><Process ToolSource="c:\program files (x86)\arcgis\desktop10.2\ArcToolbox\Toolboxes\Data Management Tools.tbx\Merge" Date="20160712" Time="084816">Merge 'T:\File Sharing\0616 ATMS Stop Estimates\Matching Files\Shapes\Routes\Refined Routes\10.shp';'T:\File Sharing\0616 ATMS Stop Estimates\Matching Files\Shapes\Routes\Refined Routes\102.shp';'T:\File Sharing\0616 ATMS Stop Estimates\Matching Files\Shapes\Routes\Refined Routes\105.shp';'T:\File Sharing\0616 ATMS Stop Estimates\Matching Files\Shapes\Routes\Refined Routes\106.shp';'T:\File Sharing\0616 ATMS Stop Estimates\Matching Files\Shapes\Routes\Refined Routes\108.shp';'T:\File Sharing\0616 ATMS Stop Estimates\Matching Files\Shapes\Routes\Refined Routes\110.shp';'T:\File Sharing\0616 ATMS Stop Estimates\Matching Files\Shapes\Routes\Refined Routes\111.shp';'T:\File Sharing\0616 ATMS Stop Estimates\Matching Files\Shapes\Routes\Refined Routes\115.shp';'T:\File Sharing\0616 ATMS Stop Estimates\Matching Files\Shapes\Routes\Refined Routes\117.shp';'T:\File Sharing\0616 ATMS Stop Estimates\Matching Files\Shapes\Routes\Refined Routes\120.shp';'T:\File Sharing\0616 ATMS Stop Estimates\Matching Files\Shapes\Routes\Refined Routes\125.shp';'T:\File Sharing\0616 ATMS Stop Estimates\Matching Files\Shapes\Routes\Refined Routes\126.shp';'T:\File Sharing\0616 ATMS Stop Estimates\Matching Files\Shapes\Routes\Refined Routes\127.shp';'T:\File Sharing\0616 ATMS Stop Estimates\Matching Files\Shapes\Routes\Refined Routes\128.shp';'T:\File Sharing\0616 ATMS Stop Estimates\Matching Files\Shapes\Routes\Refined Routes\130.shp';'T:\File Sharing\0616 ATMS Stop Estimates\Matching Files\Shapes\Routes\Refined Routes\14.shp';'T:\File Sharing\0616 ATMS Stop Estimates\Matching Files\Shapes\Routes\Refined Routes\150.shp';'T:\File Sharing\0616 ATMS Stop Estimates\Matching Files\Shapes\Routes\Refined Routes\152.shp';'T:\File Sharing\0616 ATMS Stop Estimates\Matching Files\Shapes\Routes\Refined Routes\154.shp';'T:\File Sharing\0616 ATMS Stop Estimates\Matching Files\Shapes\Routes\Refined Routes\155.shp';'T:\File Sharing\0616 ATMS Stop Estimates\Matching Files\Shapes\Routes\Refined Routes\158.shp';'T:\File Sharing\0616 ATMS Stop Estimates\Matching Files\Shapes\Routes\Refined Routes\16.shp';'T:\File Sharing\0616 ATMS Stop Estimates\Matching Files\Shapes\Routes\Refined Routes\161.shp';'T:\File Sharing\0616 ATMS Stop Estimates\Matching Files\Shapes\Routes\Refined Routes\163.shp';'T:\File Sharing\0616 ATMS Stop Estimates\Matching Files\Shapes\Routes\Refined Routes\164.shp';'T:\File Sharing\0616 ATMS Stop Estimates\Matching Files\Shapes\Routes\Refined Routes\165.shp';'T:\File Sharing\0616 ATMS Stop Estimates\Matching Files\Shapes\Routes\Refined Routes\166.shp';'T:\File Sharing\0616 ATMS Stop Estimates\Matching Files\Shapes\Routes\Refined Routes\167.shp';'T:\File Sharing\0616 ATMS Stop Estimates\Matching Files\Shapes\Routes\Refined Routes\169.shp';'T:\File Sharing\0616 ATMS Stop Estimates\Matching Files\Shapes\Routes\Refined Routes\175.shp';'T:\File Sharing\0616 ATMS Stop Estimates\Matching Files\Shapes\Routes\Refined Routes\176.shp';'T:\File Sharing\0616 ATMS Stop Estimates\Matching Files\Shapes\Routes\Refined Routes\177.shp';'T:\File Sharing\0616 ATMS Stop Estimates\Matching Files\Shapes\Routes\Refined Routes\18.shp';'T:\File Sharing\0616 ATMS Stop Estimates\Matching Files\Shapes\Routes\Refined Routes\180.shp';'T:\File Sharing\0616 ATMS Stop Estimates\Matching Files\Shapes\Routes\Refined Routes\183.shp';'T:\File Sharing\0616 ATMS Stop Estimates\Matching Files\Shapes\Routes\Refined Routes\2.shp';'T:\File Sharing\0616 ATMS Stop Estimates\Matching Files\Shapes\Routes\Refined Routes\20.shp';'T:\File Sharing\0616 ATMS Stop Estimates\Matching Files\Shapes\Routes\Refined Routes\200.shp';'T:\File Sharing\0616 ATMS Stop Estimates\Matching Files\Shapes\Routes\Refined Routes\201.shp';'T:\File Sharing\0616 ATMS Stop Estimates\Matching Files\Shapes\Routes\Refined Routes\202.shp';'T:\File Sharing\0616 ATMS Stop Estimates\Matching Files\Shapes\Routes\Refined Routes\204.shp';'T:\File Sharing\0616 ATMS Stop Estimates\Matching Files\Shapes\Routes\Refined Routes\205.shp';'T:\File Sharing\0616 ATMS Stop Estimates\Matching Files\Shapes\Routes\Refined Routes\206.shp';'T:\File Sharing\0616 ATMS Stop Estimates\Matching Files\Shapes\Routes\Refined Routes\207.shp';'T:\File Sharing\0616 ATMS Stop Estimates\Matching Files\Shapes\Routes\Refined Routes\209.shp';'T:\File Sharing\0616 ATMS Stop Estimates\Matching Files\Shapes\Routes\Refined Routes\210.shp';'T:\File Sharing\0616 ATMS Stop Estimates\Matching Files\Shapes\Routes\Refined Routes\211.shp';'T:\File Sharing\0616 ATMS Stop Estimates\Matching Files\Shapes\Routes\Refined Routes\212.shp';'T:\File Sharing\0616 ATMS Stop Estimates\Matching Files\Shapes\Routes\Refined Routes\217.shp';'T:\File Sharing\0616 ATMS Stop Estimates\Matching Files\Shapes\Routes\Refined Routes\218.shp';'T:\File Sharing\0616 ATMS Stop Estimates\Matching Files\Shapes\Routes\Refined Routes\222.shp';'T:\File Sharing\0616 ATMS Stop Estimates\Matching Files\Shapes\Routes\Refined Routes\224.shp';'T:\File Sharing\0616 ATMS Stop Estimates\Matching Files\Shapes\Routes\Refined Routes\230.shp';'T:\File Sharing\0616 ATMS Stop Estimates\Matching Files\Shapes\Routes\Refined Routes\232.shp';'T:\File Sharing\0616 ATMS Stop Estimates\Matching Files\Shapes\Routes\Refined Routes\233.shp';'T:\File Sharing\0616 ATMS Stop Estimates\Matching Files\Shapes\Routes\Refined Routes\234.shp';'T:\File Sharing\0616 ATMS Stop Estimates\Matching Files\Shapes\Routes\Refined Routes\236.shp';'T:\File Sharing\0616 ATMS Stop Estimates\Matching Files\Shapes\Routes\Refined Routes\237.shp';'T:\File Sharing\0616 ATMS Stop Estimates\Matching Files\Shapes\Routes\Refined Routes\239.shp';'T:\File Sharing\0616 ATMS Stop Estimates\Matching Files\Shapes\Routes\Refined Routes\243.shp';'T:\File Sharing\0616 ATMS Stop Estimates\Matching Files\Shapes\Routes\Refined Routes\245.shp';'T:\File Sharing\0616 ATMS Stop Estimates\Matching Files\Shapes\Routes\Refined Routes\246.shp';'T:\File Sharing\0616 ATMS Stop Estimates\Matching Files\Shapes\Routes\Refined Routes\251.shp';'T:\File Sharing\0616 ATMS Stop Estimates\Matching Files\Shapes\Routes\Refined Routes\252.shp';'T:\File Sharing\0616 ATMS Stop Estimates\Matching Files\Shapes\Routes\Refined Routes\254.shp';'T:\File Sharing\0616 ATMS Stop Estimates\Matching Files\Shapes\Routes\Refined Routes\256.shp';'T:\File Sharing\0616 ATMS Stop Estimates\Matching Files\Shapes\Routes\Refined Routes\258.shp';'T:\File Sharing\0616 ATMS Stop Estimates\Matching Files\Shapes\Routes\Refined Routes\260.shp';'T:\File Sharing\0616 ATMS Stop Estimates\Matching Files\Shapes\Routes\Refined Routes\265.shp';'T:\File Sharing\0616 ATMS Stop Estimates\Matching Files\Shapes\Routes\Refined Routes\266.shp';'T:\File Sharing\0616 ATMS Stop Estimates\Matching Files\Shapes\Routes\Refined Routes\267.shp';'T:\File Sharing\0616 ATMS Stop Estimates\Matching Files\Shapes\Routes\Refined Routes\268.shp';'T:\File Sharing\0616 ATMS Stop Estimates\Matching Files\Shapes\Routes\Refined Routes\28.shp';'T:\File Sharing\0616 ATMS Stop Estimates\Matching Files\Shapes\Routes\Refined Routes\292.shp';'T:\File Sharing\0616 ATMS Stop Estimates\Matching Files\Shapes\Routes\Refined Routes\30.shp';'T:\File Sharing\0616 ATMS Stop Estimates\Matching Files\Shapes\Routes\Refined Routes\33.shp';'T:\File Sharing\0616 ATMS Stop Estimates\Matching Files\Shapes\Routes\Refined Routes\344.shp';'T:\File Sharing\0616 ATMS Stop Estimates\Matching Files\Shapes\Routes\Refined Routes\35.shp';'T:\File Sharing\0616 ATMS Stop Estimates\Matching Files\Shapes\Routes\Refined Routes\4.shp';'T:\File Sharing\0616 ATMS Stop Estimates\Matching Files\Shapes\Routes\Refined Routes\40.shp';'T:\File Sharing\0616 ATMS Stop Estimates\Matching Files\Shapes\Routes\Refined Routes\442.shp';'T:\File Sharing\0616 ATMS Stop Estimates\Matching Files\Shapes\Routes\Refined Routes\442north.shp';'T:\File Sharing\0616 ATMS Stop Estimates\Matching Files\Shapes\Routes\Refined Routes\45.shp';'T:\File Sharing\0616 ATMS Stop Estimates\Matching Files\Shapes\Routes\Refined Routes\460.shp';'T:\File Sharing\0616 ATMS Stop Estimates\Matching Files\Shapes\Routes\Refined Routes\487.shp';'T:\File Sharing\0616 ATMS Stop Estimates\Matching Files\Shapes\Routes\Refined Routes\501.shp';'T:\File Sharing\0616 ATMS Stop Estimates\Matching Files\Shapes\Routes\Refined Routes\51.shp';'T:\File Sharing\0616 ATMS Stop Estimates\Matching Files\Shapes\Routes\Refined Routes\53.shp';'T:\File Sharing\0616 ATMS Stop Estimates\Matching Files\Shapes\Routes\Refined Routes\534.shp';'T:\File Sharing\0616 ATMS Stop Estimates\Matching Files\Shapes\Routes\Refined Routes\55.shp';'T:\File Sharing\0616 ATMS Stop Estimates\Matching Files\Shapes\Routes\Refined Routes\550.shp';'T:\File Sharing\0616 ATMS Stop Estimates\Matching Files\Shapes\Routes\Refined Routes\577.shp';'T:\File Sharing\0616 ATMS Stop Estimates\Matching Files\Shapes\Routes\Refined Routes\60.shp';'T:\File Sharing\0616 ATMS Stop Estimates\Matching Files\Shapes\Routes\Refined Routes\603.shp';'T:\File Sharing\0616 ATMS Stop Estimates\Matching Files\Shapes\Routes\Refined Routes\605.shp';'T:\File Sharing\0616 ATMS Stop Estimates\Matching Files\Shapes\Routes\Refined Routes\607.shp';'T:\File Sharing\0616 ATMS Stop Estimates\Matching Files\Shapes\Routes\Refined Routes\611.shp';'T:\File Sharing\0616 ATMS Stop Estimates\Matching Files\Shapes\Routes\Refined Routes\612.shp';'T:\File Sharing\0616 ATMS Stop Estimates\Matching Files\Shapes\Routes\Refined Routes\62.shp';'T:\File Sharing\0616 ATMS Stop Estimates\Matching Files\Shapes\Routes\Refined Routes\625.shp';'T:\File Sharing\0616 ATMS Stop Estimates\Matching Files\Shapes\Routes\Refined Routes\66.shp';'T:\File Sharing\0616 ATMS Stop Estimates\Matching Files\Shapes\Routes\Refined Routes\665.shp';'T:\File Sharing\0616 ATMS Stop Estimates\Matching Files\Shapes\Routes\Refined Routes\68.shp';'T:\File Sharing\0616 ATMS Stop Estimates\Matching Files\Shapes\Routes\Refined Routes\685.shp';'T:\File Sharing\0616 ATMS Stop Estimates\Matching Files\Shapes\Routes\Refined Routes\687.shp';'T:\File Sharing\0616 ATMS Stop Estimates\Matching Files\Shapes\Routes\Refined Routes\70.shp';'T:\File Sharing\0616 ATMS Stop Estimates\Matching Files\Shapes\Routes\Refined Routes\704.shp';'T:\File Sharing\0616 ATMS Stop Estimates\Matching Files\Shapes\Routes\Refined Routes\705.shp';'T:\File Sharing\0616 ATMS Stop Estimates\Matching Files\Shapes\Routes\Refined Routes\71.shp';'T:\File Sharing\0616 ATMS Stop Estimates\Matching Files\Shapes\Routes\Refined Routes\710.shp';'T:\File Sharing\0616 ATMS Stop Estimates\Matching Files\Shapes\Routes\Refined Routes\720.shp';'T:\File Sharing\0616 ATMS Stop Estimates\Matching Files\Shapes\Routes\Refined Routes\728.shp';'T:\File Sharing\0616 ATMS Stop Estimates\Matching Files\Shapes\Routes\Refined Routes\733.shp';'T:\File Sharing\0616 ATMS Stop Estimates\Matching Files\Shapes\Routes\Refined Routes\734.shp';'T:\File Sharing\0616 ATMS Stop Estimates\Matching Files\Shapes\Routes\Refined Routes\740.shp';'T:\File Sharing\0616 ATMS Stop Estimates\Matching Files\Shapes\Routes\Refined Routes\744.shp';'T:\File Sharing\0616 ATMS Stop Estimates\Matching Files\Shapes\Routes\Refined Routes\745.shp';'T:\File Sharing\0616 ATMS Stop Estimates\Matching Files\Shapes\Routes\Refined Routes\750.shp';'T:\File Sharing\0616 ATMS Stop Estimates\Matching Files\Shapes\Routes\Refined Routes\751.shp';'T:\File Sharing\0616 ATMS Stop Estimates\Matching Files\Shapes\Routes\Refined Routes\754.shp';'T:\File Sharing\0616 ATMS Stop Estimates\Matching Files\Shapes\Routes\Refined Routes\757.shp';'T:\File Sharing\0616 ATMS Stop Estimates\Matching Files\Shapes\Routes\Refined Routes\76.shp';'T:\File Sharing\0616 ATMS Stop Estimates\Matching Files\Shapes\Routes\Refined Routes\760.shp';'T:\File Sharing\0616 ATMS Stop Estimates\Matching Files\Shapes\Routes\Refined Routes\762.shp';'T:\File Sharing\0616 ATMS Stop Estimates\Matching Files\Shapes\Routes\Refined Routes\770.shp';'T:\File Sharing\0616 ATMS Stop Estimates\Matching Files\Shapes\Routes\Refined Routes\78.shp';'T:\File Sharing\0616 ATMS Stop Estimates\Matching Files\Shapes\Routes\Refined Routes\780.shp';'T:\File Sharing\0616 ATMS Stop Estimates\Matching Files\Shapes\Routes\Refined Routes\788.shp';'T:\File Sharing\0616 ATMS Stop Estimates\Matching Files\Shapes\Routes\Refined Routes\794.shp';'T:\File Sharing\0616 ATMS Stop Estimates\Matching Files\Shapes\Routes\Refined Routes\81.shp';'T:\File Sharing\0616 ATMS Stop Estimates\Matching Files\Shapes\Routes\Refined Routes\83.shp';'T:\File Sharing\0616 ATMS Stop Estimates\Matching Files\Shapes\Routes\Refined Routes\90.shp';'T:\File Sharing\0616 ATMS Stop Estimates\Matching Files\Shapes\Routes\Refined Routes\901.shp';'T:\File Sharing\0616 ATMS Stop Estimates\Matching Files\Shapes\Routes\Refined Routes\910.shp';'T:\File Sharing\0616 ATMS Stop Estimates\Matching Files\Shapes\Routes\Refined Routes\92.shp';'T:\File Sharing\0616 ATMS Stop Estimates\Matching Files\Shapes\Routes\Refined Routes\94.shp';'T:\File Sharing\0616 ATMS Stop Estimates\Matching Files\Shapes\Routes\Refined Routes\96.shp' "T:\File Sharing\0616 ATMS Stop Estimates\Matching Files\Shapes\Checking JUN16\JUN16_refined_routes.shp" "VAR_ROUTE "VAR_ROUTE" true true false 6 Text 0 0 ,First,#,T:\File Sharing\0616 ATMS Stop Estimates\Matching Files\Shapes\Routes\Refined Routes\10.shp,VAR_ROUTE,-1,-1,T:\File Sharing\0616 ATMS Stop Estimates\Matching Files\Shapes\Routes\Refined Routes\102.shp,VAR_ROUTE,-1,-1,T:\File Sharing\0616 ATMS Stop Estimates\Matching Files\Shapes\Routes\Refined Routes\105.shp,VAR_ROUTE,-1,-1,T:\File Sharing\0616 ATMS Stop Estimates\Matching Files\Shapes\Routes\Refined Routes\106.shp,VAR_ROUTE,-1,-1,T:\File Sharing\0616 ATMS Stop Estimates\Matching Files\Shapes\Routes\Refined Routes\108.shp,VAR_ROUTE,-1,-1,T:\File Sharing\0616 ATMS Stop Estimates\Matching Files\Shapes\Routes\Refined Routes\110.shp,VAR_ROUTE,-1,-1,T:\File Sharing\0616 ATMS Stop Estimates\Matching Files\Shapes\Routes\Refined Routes\111.shp,VAR_ROUTE,-1,-1,T:\File Sharing\0616 ATMS Stop Estimates\Matching Files\Shapes\Routes\Refined Routes\115.shp,VAR_ROUTE,-1,-1,T:\File Sharing\0616 ATMS Stop Estimates\Matching Files\Shapes\Routes\Refined Routes\117.shp,VAR_ROUTE,-1,-1,T:\File Sharing\0616 ATMS Stop Estimates\Matching Files\Shapes\Routes\Refined Routes\120.shp,VAR_ROUTE,-1,-1,T:\File Sharing\0616 ATMS Stop Estimates\Matching Files\Shapes\Routes\Refined Routes\125.shp,VAR_ROUTE,-1,-1,T:\File Sharing\0616 ATMS Stop Estimates\Matching Files\Shapes\Routes\Refined Routes\126.shp,VAR_ROUTE,-1,-1,T:\File Sharing\0616 ATMS Stop Estimates\Matching Files\Shapes\Routes\Refined Routes\127.shp,VAR_ROUTE,-1,-1,T:\File Sharing\0616 ATMS Stop Estimates\Matching Files\Shapes\Routes\Refined Routes\128.shp,VAR_ROUTE,-1,-1,T:\File Sharing\0616 ATMS Stop Estimates\Matching Files\Shapes\Routes\Refined Routes\130.shp,VAR_ROUTE,-1,-1,T:\File Sharing\0616 ATMS Stop Estimates\Matching Files\Shapes\Routes\Refined Routes\14.shp,VAR_ROUTE,-1,-1,T:\File Sharing\0616 ATMS Stop Estimates\Matching Files\Shapes\Routes\Refined Routes\150.shp,VAR_ROUTE,-1,-1,T:\File Sharing\0616 ATMS Stop Estimates\Matching Files\Shapes\Routes\Refined Routes\152.shp,VAR_ROUTE,-1,-1,T:\File Sharing\0616 ATMS Stop Estimates\Matching Files\Shapes\Routes\Refined Routes\154.shp,VAR_ROUTE,-1,-1,T:\File Sharing\0616 ATMS Stop Estimates\Matching Files\Shapes\Routes\Refined Routes\155.shp,VAR_ROUTE,-1,-1,T:\File Sharing\0616 ATMS Stop Estimates\Matching Files\Shapes\Routes\Refined Routes\158.shp,VAR_ROUTE,-1,-1,T:\File Sharing\0616 ATMS Stop Estimates\Matching Files\Shapes\Routes\Refined Routes\16.shp,VAR_ROUTE,-1,-1,T:\File Sharing\0616 ATMS Stop Estimates\Matching Files\Shapes\Routes\Refined Routes\161.shp,VAR_ROUTE,-1,-1,T:\File Sharing\0616 ATMS Stop Estimates\Matching Files\Shapes\Routes\Refined Routes\163.shp,VAR_ROUTE,-1,-1,T:\File Sharing\0616 ATMS Stop Estimates\Matching Files\Shapes\Routes\Refined Routes\164.shp,VAR_ROUTE,-1,-1,T:\File Sharing\0616 ATMS Stop Estimates\Matching Files\Shapes\Routes\Refined Routes\165.shp,VAR_ROUTE,-1,-1,T:\File Sharing\0616 ATMS Stop Estimates\Matching Files\Shapes\Routes\Refined Routes\166.shp,VAR_ROUTE,-1,-1,T:\File Sharing\0616 ATMS Stop Estimates\Matching Files\Shapes\Routes\Refined Routes\167.shp,VAR_ROUTE,-1,-1,T:\File Sharing\0616 ATMS Stop Estimates\Matching Files\Shapes\Routes\Refined Routes\169.shp,VAR_ROUTE,-1,-1,T:\File Sharing\0616 ATMS Stop Estimates\Matching Files\Shapes\Routes\Refined Routes\175.shp,VAR_ROUTE,-1,-1,T:\File Sharing\0616 ATMS Stop Estimates\Matching Files\Shapes\Routes\Refined Routes\176.shp,VAR_ROUTE,-1,-1,T:\File Sharing\0616 ATMS Stop Estimates\Matching Files\Shapes\Routes\Refined Routes\177.shp,VAR_ROUTE,-1,-1,T:\File Sharing\0616 ATMS Stop Estimates\Matching Files\Shapes\Routes\Refined Routes\18.shp,VAR_ROUTE,-1,-1,T:\File Sharing\0616 ATMS Stop Estimates\Matching Files\Shapes\Routes\Refined Routes\180.shp,VAR_ROUTE,-1,-1,T:\File Sharing\0616 ATMS Stop Estimates\Matching Files\Shapes\Routes\Refined Routes\183.shp,VAR_ROUTE,-1,-1,T:\File Sharing\0616 ATMS Stop Estimates\Matching Files\Shapes\Routes\Refined Routes\2.shp,VAR_ROUTE,-1,-1,T:\File Sharing\0616 ATMS Stop Estimates\Matching Files\Shapes\Routes\Refined Routes\20.shp,VAR_ROUTE,-1,-1,T:\File Sharing\0616 ATMS Stop Estimates\Matching Files\Shapes\Routes\Refined Routes\200.shp,VAR_ROUTE,-1,-1,T:\File Sharing\0616 ATMS Stop Estimates\Matching Files\Shapes\Routes\Refined Routes\201.shp,VAR_ROUTE,-1,-1,T:\File Sharing\0616 ATMS Stop Estimates\Matching Files\Shapes\Routes\Refined Routes\202.shp,VAR_ROUTE,-1,-1,T:\File Sharing\0616 ATMS Stop Estimates\Matching Files\Shapes\Routes\Refined Routes\204.shp,VAR_ROUTE,-1,-1,T:\File Sharing\0616 ATMS Stop Estimates\Matching Files\Shapes\Routes\Refined Routes\205.shp,VAR_ROUTE,-1,-1,T:\File Sharing\0616 ATMS Stop Estimates\Matching Files\Shapes\Routes\Refined Routes\206.shp,VAR_ROUTE,-1,-1,T:\File Sharing\0616 ATMS Stop Estimates\Matching Files\Shapes\Routes\Refined Routes\207.shp,VAR_ROUTE,-1,-1,T:\File Sharing\0616 ATMS Stop Estimates\Matching Files\Shapes\Routes\Refined Routes\209.shp,VAR_ROUTE,-1,-1,T:\File Sharing\0616 ATMS Stop Estimates\Matching Files\Shapes\Routes\Refined Routes\210.shp,VAR_ROUTE,-1,-1,T:\File Sharing\0616 ATMS Stop Estimates\Matching Files\Shapes\Routes\Refined Routes\211.shp,VAR_ROUTE,-1,-1,T:\File Sharing\0616 ATMS Stop Estimates\Matching Files\Shapes\Routes\Refined Routes\212.shp,VAR_ROUTE,-1,-1,T:\File Sharing\0616 ATMS Stop Estimates\Matching Files\Shapes\Routes\Refined Routes\217.shp,VAR_ROUTE,-1,-1,T:\File Sharing\0616 ATMS Stop Estimates\Matching Files\Shapes\Routes\Refined Routes\218.shp,VAR_ROUTE,-1,-1,T:\File Sharing\0616 ATMS Stop Estimates\Matching Files\Shapes\Routes\Refined Routes\222.shp,VAR_ROUTE,-1,-1,T:\File Sharing\0616 ATMS Stop Estimates\Matching Files\Shapes\Routes\Refined Routes\224.shp,VAR_ROUTE,-1,-1,T:\File Sharing\0616 ATMS Stop Estimates\Matching Files\Shapes\Routes\Refined Routes\230.shp,VAR_ROUTE,-1,-1,T:\File Sharing\0616 ATMS Stop Estimates\Matching Files\Shapes\Routes\Refined Routes\232.shp,VAR_ROUTE,-1,-1,T:\File Sharing\0616 ATMS Stop Estimates\Matching Files\Shapes\Routes\Refined Routes\233.shp,VAR_ROUTE,-1,-1,T:\File Sharing\0616 ATMS Stop Estimates\Matching Files\Shapes\Routes\Refined Routes\234.shp,VAR_ROUTE,-1,-1,T:\File Sharing\0616 ATMS Stop Estimates\Matching Files\Shapes\Routes\Refined Routes\236.shp,VAR_ROUTE,-1,-1,T:\File Sharing\0616 ATMS Stop Estimates\Matching Files\Shapes\Routes\Refined Routes\237.shp,VAR_ROUTE,-1,-1,T:\File Sharing\0616 ATMS Stop Estimates\Matching Files\Shapes\Routes\Refined Routes\239.shp,VAR_ROUTE,-1,-1,T:\File Sharing\0616 ATMS Stop Estimates\Matching Files\Shapes\Routes\Refined Routes\243.shp,VAR_ROUTE,-1,-1,T:\File Sharing\0616 ATMS Stop Estimates\Matching Files\Shapes\Routes\Refined Routes\245.shp,VAR_ROUTE,-1,-1,T:\File Sharing\0616 ATMS Stop Estimates\Matching Files\Shapes\Routes\Refined Routes\246.shp,VAR_ROUTE,-1,-1,T:\File Sharing\0616 ATMS Stop Estimates\Matching Files\Shapes\Routes\Refined Routes\251.shp,VAR_ROUTE,-1,-1,T:\File Sharing\0616 ATMS Stop Estimates\Matching Files\Shapes\Routes\Refined Routes\252.shp,VAR_ROUTE,-1,-1,T:\File Sharing\0616 ATMS Stop Estimates\Matching Files\Shapes\Routes\Refined Routes\254.shp,VAR_ROUTE,-1,-1,T:\File Sharing\0616 ATMS Stop Estimates\Matching Files\Shapes\Routes\Refined Routes\256.shp,VAR_ROUTE,-1,-1,T:\File Sharing\0616 ATMS Stop Estimates\Matching Files\Shapes\Routes\Refined Routes\258.shp,VAR_ROUTE,-1,-1,T:\File Sharing\0616 ATMS Stop Estimates\Matching Files\Shapes\Routes\Refined Routes\260.shp,VAR_ROUTE,-1,-1,T:\File Sharing\0616 ATMS Stop Estimates\Matching Files\Shapes\Routes\Refined Routes\265.shp,VAR_ROUTE,-1,-1,T:\File Sharing\0616 ATMS Stop Estimates\Matching Files\Shapes\Routes\Refined Routes\266.shp,VAR_ROUTE,-1,-1,T:\File Sharing\0616 ATMS Stop Estimates\Matching Files\Shapes\Routes\Refined Routes\267.shp,VAR_ROUTE,-1,-1,T:\File Sharing\0616 ATMS Stop Estimates\Matching Files\Shapes\Routes\Refined Routes\268.shp,VAR_ROUTE,-1,-1,T:\File Sharing\0616 ATMS Stop Estimates\Matching Files\Shapes\Routes\Refined Routes\28.shp,VAR_ROUTE,-1,-1,T:\File Sharing\0616 ATMS Stop Estimates\Matching Files\Shapes\Routes\Refined Routes\292.shp,VAR_ROUTE,-1,-1,T:\File Sharing\0616 ATMS Stop Estimates\Matching Files\Shapes\Routes\Refined Routes\30.shp,VAR_ROUTE,-1,-1,T:\File Sharing\0616 ATMS Stop Estimates\Matching Files\Shapes\Routes\Refined Routes\33.shp,VAR_ROUTE,-1,-1,T:\File Sharing\0616 ATMS Stop Estimates\Matching Files\Shapes\Routes\Refined Routes\344.shp,VAR_ROUTE,-1,-1,T:\File Sharing\0616 ATMS Stop Estimates\Matching Files\Shapes\Routes\Refined Routes\35.shp,VAR_ROUTE,-1,-1,T:\File Sharing\0616 ATMS Stop Estimates\Matching Files\Shapes\Routes\Refined Routes\4.shp,VAR_ROUTE,-1,-1,T:\File Sharing\0616 ATMS Stop Estimates\Matching Files\Shapes\Routes\Refined Routes\40.shp,VAR_ROUTE,-1,-1,T:\File Sharing\0616 ATMS Stop Estimates\Matching Files\Shapes\Routes\Refined Routes\442.shp,VAR_ROUTE,-1,-1,T:\File Sharing\0616 ATMS Stop Estimates\Matching Files\Shapes\Routes\Refined Routes\442north.shp,VAR_ROUTE,-1,-1,T:\File Sharing\0616 ATMS Stop Estimates\Matching Files\Shapes\Routes\Refined Routes\45.shp,VAR_ROUTE,-1,-1,T:\File Sharing\0616 ATMS Stop Estimates\Matching Files\Shapes\Routes\Refined Routes\460.shp,VAR_ROUTE,-1,-1,T:\File Sharing\0616 ATMS Stop Estimates\Matching Files\Shapes\Routes\Refined Routes\487.shp,VAR_ROUTE,-1,-1,T:\File Sharing\0616 ATMS Stop Estimates\Matching Files\Shapes\Routes\Refined Routes\501.shp,VAR_ROUTE,-1,-1,T:\File Sharing\0616 ATMS Stop Estimates\Matching Files\Shapes\Routes\Refined Routes\51.shp,VAR_ROUTE,-1,-1,T:\File Sharing\0616 ATMS Stop Estimates\Matching Files\Shapes\Routes\Refined Routes\53.shp,VAR_ROUTE,-1,-1,T:\File Sharing\0616 ATMS Stop Estimates\Matching Files\Shapes\Routes\Refined Routes\534.shp,VAR_ROUTE,-1,-1,T:\File Sharing\0616 ATMS Stop Estimates\Matching Files\Shapes\Routes\Refined Routes\55.shp,VAR_ROUTE,-1,-1,T:\File Sharing\0616 ATMS Stop Estimates\Matching Files\Shapes\Routes\Refined Routes\550.shp,VAR_ROUTE,-1,-1,T:\File Sharing\0616 ATMS Stop Estimates\Matching Files\Shapes\Routes\Refined Routes\577.shp,VAR_ROUTE,-1,-1,T:\File Sharing\0616 ATMS Stop Estimates\Matching Files\Shapes\Routes\Refined Routes\60.shp,VAR_ROUTE,-1,-1,T:\File Sharing\0616 ATMS Stop Estimates\Matching Files\Shapes\Routes\Refined Routes\603.shp,VAR_ROUTE,-1,-1,T:\File Sharing\0616 ATMS Stop Estimates\Matching Files\Shapes\Routes\Refined Routes\605.shp,VAR_ROUTE,-1,-1,T:\File Sharing\0616 ATMS Stop Estimates\Matching Files\Shapes\Routes\Refined Routes\607.shp,VAR_ROUTE,-1,-1,T:\File Sharing\0616 ATMS Stop Estimates\Matching Files\Shapes\Routes\Refined Routes\611.shp,VAR_ROUTE,-1,-1,T:\File Sharing\0616 ATMS Stop Estimates\Matching Files\Shapes\Routes\Refined Routes\612.shp,VAR_ROUTE,-1,-1,T:\File Sharing\0616 ATMS Stop Estimates\Matching Files\Shapes\Routes\Refined Routes\62.shp,VAR_ROUTE,-1,-1,T:\File Sharing\0616 ATMS Stop Estimates\Matching Files\Shapes\Routes\Refined Routes\625.shp,VAR_ROUTE,-1,-1,T:\File Sharing\0616 ATMS Stop Estimates\Matching Files\Shapes\Routes\Refined Routes\66.shp,VAR_ROUTE,-1,-1,T:\File Sharing\0616 ATMS Stop Estimates\Matching Files\Shapes\Routes\Refined Routes\665.shp,VAR_ROUTE,-1,-1,T:\File Sharing\0616 ATMS Stop Estimates\Matching Files\Shapes\Routes\Refined Routes\68.shp,VAR_ROUTE,-1,-1,T:\File Sharing\0616 ATMS Stop Estimates\Matching Files\Shapes\Routes\Refined Routes\685.shp,VAR_ROUTE,-1,-1,T:\File Sharing\0616 ATMS Stop Estimates\Matching Files\Shapes\Routes\Refined Routes\687.shp,VAR_ROUTE,-1,-1,T:\File Sharing\0616 ATMS Stop Estimates\Matching Files\Shapes\Routes\Refined Routes\70.shp,VAR_ROUTE,-1,-1,T:\File Sharing\0616 ATMS Stop Estimates\Matching Files\Shapes\Routes\Refined Routes\704.shp,VAR_ROUTE,-1,-1,T:\File Sharing\0616 ATMS Stop Estimates\Matching Files\Shapes\Routes\Refined Routes\705.shp,VAR_ROUTE,-1,-1,T:\File Sharing\0616 ATMS Stop Estimates\Matching Files\Shapes\Routes\Refined Routes\71.shp,VAR_ROUTE,-1,-1,T:\File Sharing\0616 ATMS Stop Estimates\Matching Files\Shapes\Routes\Refined Routes\710.shp,VAR_ROUTE,-1,-1,T:\File Sharing\0616 ATMS Stop Estimates\Matching Files\Shapes\Routes\Refined Routes\720.shp,VAR_ROUTE,-1,-1,T:\File Sharing\0616 ATMS Stop Estimates\Matching Files\Shapes\Routes\Refined Routes\728.shp,VAR_ROUTE,-1,-1,T:\File Sharing\0616 ATMS Stop Estimates\Matching Files\Shapes\Routes\Refined Routes\733.shp,VAR_ROUTE,-1,-1,T:\File Sharing\0616 ATMS Stop Estimates\Matching Files\Shapes\Routes\Refined Routes\734.shp,VAR_ROUTE,-1,-1,T:\File Sharing\0616 ATMS Stop Estimates\Matching Files\Shapes\Routes\Refined Routes\740.shp,VAR_ROUTE,-1,-1,T:\File Sharing\0616 ATMS Stop Estimates\Matching Files\Shapes\Routes\Refined Routes\744.shp,VAR_ROUTE,-1,-1,T:\File Sharing\0616 ATMS Stop Estimates\Matching Files\Shapes\Routes\Refined Routes\745.shp,VAR_ROUTE,-1,-1,T:\File Sharing\0616 ATMS Stop Estimates\Matching Files\Shapes\Routes\Refined Routes\750.shp,VAR_ROUTE,-1,-1,T:\File Sharing\0616 ATMS Stop Estimates\Matching Files\Shapes\Routes\Refined Routes\751.shp,VAR_ROUTE,-1,-1,T:\File Sharing\0616 ATMS Stop Estimates\Matching Files\Shapes\Routes\Refined Routes\754.shp,VAR_ROUTE,-1,-1,T:\File Sharing\0616 ATMS Stop Estimates\Matching Files\Shapes\Routes\Refined Routes\757.shp,VAR_ROUTE,-1,-1,T:\File Sharing\0616 ATMS Stop Estimates\Matching Files\Shapes\Routes\Refined Routes\76.shp,VAR_ROUTE,-1,-1,T:\File Sharing\0616 ATMS Stop Estimates\Matching Files\Shapes\Routes\Refined Routes\760.shp,VAR_ROUTE,-1,-1,T:\File Sharing\0616 ATMS Stop Estimates\Matching Files\Shapes\Routes\Refined Routes\762.shp,VAR_ROUTE,-1,-1,T:\File Sharing\0616 ATMS Stop Estimates\Matching Files\Shapes\Routes\Refined Routes\770.shp,VAR_ROUTE,-1,-1,T:\File Sharing\0616 ATMS Stop Estimates\Matching Files\Shapes\Routes\Refined Routes\78.shp,VAR_ROUTE,-1,-1,T:\File Sharing\0616 ATMS Stop Estimates\Matching Files\Shapes\Routes\Refined Routes\780.shp,VAR_ROUTE,-1,-1,T:\File Sharing\0616 ATMS Stop Estimates\Matching Files\Shapes\Routes\Refined Routes\788.shp,VAR_ROUTE,-1,-1,T:\File Sharing\0616 ATMS Stop Estimates\Matching Files\Shapes\Routes\Refined Routes\794.shp,VAR_ROUTE,-1,-1,T:\File Sharing\0616 ATMS Stop Estimates\Matching Files\Shapes\Routes\Refined Routes\81.shp,VAR_ROUTE,-1,-1,T:\File Sharing\0616 ATMS Stop Estimates\Matching Files\Shapes\Routes\Refined Routes\83.shp,VAR_ROUTE,-1,-1,T:\File Sharing\0616 ATMS Stop Estimates\Matching Files\Shapes\Routes\Refined Routes\90.shp,VAR_ROUTE,-1,-1,T:\File Sharing\0616 ATMS Stop Estimates\Matching Files\Shapes\Routes\Refined Routes\901.shp,VAR_ROUTE,-1,-1,T:\File Sharing\0616 ATMS Stop Estimates\Matching Files\Shapes\Routes\Refined Routes\910.shp,VAR_ROUTE,-1,-1,T:\File Sharing\0616 ATMS Stop Estimates\Matching Files\Shapes\Routes\Refined Routes\92.shp,VAR_ROUTE,-1,-1,T:\File Sharing\0616 ATMS Stop Estimates\Matching Files\Shapes\Routes\Refined Routes\94.shp,VAR_ROUTE,-1,-1,T:\File Sharing\0616 ATMS Stop Estimates\Matching Files\Shapes\Routes\Refined Routes\96.shp,VAR_ROUTE,-1,-1;VAR_IDENT "VAR_IDENT" true true false 3 Text 0 0 ,First,#,T:\File Sharing\0616 ATMS Stop Estimates\Matching Files\Shapes\Routes\Refined Routes\10.shp,VAR_IDENT,-1,-1,T:\File Sharing\0616 ATMS Stop Estimates\Matching Files\Shapes\Routes\Refined Routes\102.shp,VAR_IDENT,-1,-1,T:\File Sharing\0616 ATMS Stop Estimates\Matching Files\Shapes\Routes\Refined Routes\105.shp,VAR_IDENT,-1,-1,T:\File Sharing\0616 ATMS Stop Estimates\Matching Files\Shapes\Routes\Refined Routes\106.shp,VAR_IDENT,-1,-1,T:\File Sharing\0616 ATMS Stop Estimates\Matching Files\Shapes\Routes\Refined Routes\108.shp,VAR_IDENT,-1,-1,T:\File Sharing\0616 ATMS Stop Estimates\Matching Files\Shapes\Routes\Refined Routes\110.shp,VAR_IDENT,-1,-1,T:\File Sharing\0616 ATMS Stop Estimates\Matching Files\Shapes\Routes\Refined Routes\111.shp,VAR_IDENT,-1,-1,T:\File Sharing\0616 ATMS Stop Estimates\Matching Files\Shapes\Routes\Refined Routes\115.shp,VAR_IDENT,-1,-1,T:\File Sharing\0616 ATMS Stop Estimates\Matching Files\Shapes\Routes\Refined Routes\117.shp,VAR_IDENT,-1,-1,T:\File Sharing\0616 ATMS Stop Estimates\Matching Files\Shapes\Routes\Refined Routes\120.shp,VAR_IDENT,-1,-1,T:\File Sharing\0616 ATMS Stop Estimates\Matching Files\Shapes\Routes\Refined Routes\125.shp,VAR_IDENT,-1,-1,T:\File Sharing\0616 ATMS Stop Estimates\Matching Files\Shapes\Routes\Refined Routes\126.shp,VAR_IDENT,-1,-1,T:\File Sharing\0616 ATMS Stop Estimates\Matching Files\Shapes\Routes\Refined Routes\127.shp,VAR_IDENT,-1,-1,T:\File Sharing\0616 ATMS Stop Estimates\Matching Files\Shapes\Routes\Refined Routes\128.shp,VAR_IDENT,-1,-1,T:\File Sharing\0616 ATMS Stop Estimates\Matching Files\Shapes\Routes\Refined Routes\130.shp,VAR_IDENT,-1,-1,T:\File Sharing\0616 ATMS Stop Estimates\Matching Files\Shapes\Routes\Refined Routes\14.shp,VAR_IDENT,-1,-1,T:\File Sharing\0616 ATMS Stop Estimates\Matching Files\Shapes\Routes\Refined Routes\150.shp,VAR_IDENT,-1,-1,T:\File Sharing\0616 ATMS Stop Estimates\Matching Files\Shapes\Routes\Refined Routes\152.shp,VAR_IDENT,-1,-1,T:\File Sharing\0616 ATMS Stop Estimates\Matching Files\Shapes\Routes\Refined Routes\154.shp,VAR_IDENT,-1,-1,T:\File Sharing\0616 ATMS Stop Estimates\Matching Files\Shapes\Routes\Refined Routes\155.shp,VAR_IDENT,-1,-1,T:\File Sharing\0616 ATMS Stop Estimates\Matching Files\Shapes\Routes\Refined Routes\158.shp,VAR_IDENT,-1,-1,T:\File Sharing\0616 ATMS Stop Estimates\Matching Files\Shapes\Routes\Refined Routes\16.shp,VAR_IDENT,-1,-1,T:\File Sharing\0616 ATMS Stop Estimates\Matching Files\Shapes\Routes\Refined Routes\161.shp,VAR_IDENT,-1,-1,T:\File Sharing\0616 ATMS Stop Estimates\Matching Files\Shapes\Routes\Refined Routes\163.shp,VAR_IDENT,-1,-1,T:\File Sharing\0616 ATMS Stop Estimates\Matching Files\Shapes\Routes\Refined Routes\164.shp,VAR_IDENT,-1,-1,T:\File Sharing\0616 ATMS Stop Estimates\Matching Files\Shapes\Routes\Refined Routes\165.shp,VAR_IDENT,-1,-1,T:\File Sharing\0616 ATMS Stop Estimates\Matching Files\Shapes\Routes\Refined Routes\166.shp,VAR_IDENT,-1,-1,T:\File Sharing\0616 ATMS Stop Estimates\Matching Files\Shapes\Routes\Refined Routes\167.shp,VAR_IDENT,-1,-1,T:\File Sharing\0616 ATMS Stop Estimates\Matching Files\Shapes\Routes\Refined Routes\169.shp,VAR_IDENT,-1,-1,T:\File Sharing\0616 ATMS Stop Estimates\Matching Files\Shapes\Routes\Refined Routes\175.shp,VAR_IDENT,-1,-1,T:\File Sharing\0616 ATMS Stop Estimates\Matching Files\Shapes\Routes\Refined Routes\176.shp,VAR_IDENT,-1,-1,T:\File Sharing\0616 ATMS Stop Estimates\Matching Files\Shapes\Routes\Refined Routes\177.shp,VAR_IDENT,-1,-1,T:\File Sharing\0616 ATMS Stop Estimates\Matching Files\Shapes\Routes\Refined Routes\18.shp,VAR_IDENT,-1,-1,T:\File Sharing\0616 ATMS Stop Estimates\Matching Files\Shapes\Routes\Refined Routes\180.shp,VAR_IDENT,-1,-1,T:\File Sharing\0616 ATMS Stop Estimates\Matching Files\Shapes\Routes\Refined Routes\183.shp,VAR_IDENT,-1,-1,T:\File Sharing\0616 ATMS Stop Estimates\Matching Files\Shapes\Routes\Refined Routes\2.shp,VAR_IDENT,-1,-1,T:\File Sharing\0616 ATMS Stop Estimates\Matching Files\Shapes\Routes\Refined Routes\20.shp,VAR_IDENT,-1,-1,T:\File Sharing\0616 ATMS Stop Estimates\Matching Files\Shapes\Routes\Refined Routes\200.shp,VAR_IDENT,-1,-1,T:\File Sharing\0616 ATMS Stop Estimates\Matching Files\Shapes\Routes\Refined Routes\201.shp,VAR_IDENT,-1,-1,T:\File Sharing\0616 ATMS Stop Estimates\Matching Files\Shapes\Routes\Refined Routes\202.shp,VAR_IDENT,-1,-1,T:\File Sharing\0616 ATMS Stop Estimates\Matching Files\Shapes\Routes\Refined Routes\204.shp,VAR_IDENT,-1,-1,T:\File Sharing\0616 ATMS Stop Estimates\Matching Files\Shapes\Routes\Refined Routes\205.shp,VAR_IDENT,-1,-1,T:\File Sharing\0616 ATMS Stop Estimates\Matching Files\Shapes\Routes\Refined Routes\206.shp,VAR_IDENT,-1,-1,T:\File Sharing\0616 ATMS Stop Estimates\Matching Files\Shapes\Routes\Refined Routes\207.shp,VAR_IDENT,-1,-1,T:\File Sharing\0616 ATMS Stop Estimates\Matching Files\Shapes\Routes\Refined Routes\209.shp,VAR_IDENT,-1,-1,T:\File Sharing\0616 ATMS Stop Estimates\Matching Files\Shapes\Routes\Refined Routes\210.shp,VAR_IDENT,-1,-1,T:\File Sharing\0616 ATMS Stop Estimates\Matching Files\Shapes\Routes\Refined Routes\211.shp,VAR_IDENT,-1,-1,T:\File Sharing\0616 ATMS Stop Estimates\Matching Files\Shapes\Routes\Refined Routes\212.shp,VAR_IDENT,-1,-1,T:\File Sharing\0616 ATMS Stop Estimates\Matching Files\Shapes\Routes\Refined Routes\217.shp,VAR_IDENT,-1,-1,T:\File Sharing\0616 ATMS Stop Estimates\Matching Files\Shapes\Routes\Refined Routes\218.shp,VAR_IDENT,-1,-1,T:\File Sharing\0616 ATMS Stop Estimates\Matching Files\Shapes\Routes\Refined Routes\222.shp,VAR_IDENT,-1,-1,T:\File Sharing\0616 ATMS Stop Estimates\Matching Files\Shapes\Routes\Refined Routes\224.shp,VAR_IDENT,-1,-1,T:\File Sharing\0616 ATMS Stop Estimates\Matching Files\Shapes\Routes\Refined Routes\230.shp,VAR_IDENT,-1,-1,T:\File Sharing\0616 ATMS Stop Estimates\Matching Files\Shapes\Routes\Refined Routes\232.shp,VAR_IDENT,-1,-1,T:\File Sharing\0616 ATMS Stop Estimates\Matching Files\Shapes\Routes\Refined Routes\233.shp,VAR_IDENT,-1,-1,T:\File Sharing\0616 ATMS Stop Estimates\Matching Files\Shapes\Routes\Refined Routes\234.shp,VAR_IDENT,-1,-1,T:\File Sharing\0616 ATMS Stop Estimates\Matching Files\Shapes\Routes\Refined Routes\236.shp,VAR_IDENT,-1,-1,T:\File Sharing\0616 ATMS Stop Estimates\Matching Files\Shapes\Routes\Refined Routes\237.shp,VAR_IDENT,-1,-1,T:\File Sharing\0616 ATMS Stop Estimates\Matching Files\Shapes\Routes\Refined Routes\239.shp,VAR_IDENT,-1,-1,T:\File Sharing\0616 ATMS Stop Estimates\Matching Files\Shapes\Routes\Refined Routes\243.shp,VAR_IDENT,-1,-1,T:\File Sharing\0616 ATMS Stop Estimates\Matching Files\Shapes\Routes\Refined Routes\245.shp,VAR_IDENT,-1,-1,T:\File Sharing\0616 ATMS Stop Estimates\Matching Files\Shapes\Routes\Refined Routes\246.shp,VAR_IDENT,-1,-1,T:\File Sharing\0616 ATMS Stop Estimates\Matching Files\Shapes\Routes\Refined Routes\251.shp,VAR_IDENT,-1,-1,T:\File Sharing\0616 ATMS Stop Estimates\Matching Files\Shapes\Routes\Refined Routes\252.shp,VAR_IDENT,-1,-1,T:\File Sharing\0616 ATMS Stop Estimates\Matching Files\Shapes\Routes\Refined Routes\254.shp,VAR_IDENT,-1,-1,T:\File Sharing\0616 ATMS Stop Estimates\Matching Files\Shapes\Routes\Refined Routes\256.shp,VAR_IDENT,-1,-1,T:\File Sharing\0616 ATMS Stop Estimates\Matching Files\Shapes\Routes\Refined Routes\258.shp,VAR_IDENT,-1,-1,T:\File Sharing\0616 ATMS Stop Estimates\Matching Files\Shapes\Routes\Refined Routes\260.shp,VAR_IDENT,-1,-1,T:\File Sharing\0616 ATMS Stop Estimates\Matching Files\Shapes\Routes\Refined Routes\265.shp,VAR_IDENT,-1,-1,T:\File Sharing\0616 ATMS Stop Estimates\Matching Files\Shapes\Routes\Refined Routes\266.shp,VAR_IDENT,-1,-1,T:\File Sharing\0616 ATMS Stop Estimates\Matching Files\Shapes\Routes\Refined Routes\267.shp,VAR_IDENT,-1,-1,T:\File Sharing\0616 ATMS Stop Estimates\Matching Files\Shapes\Routes\Refined Routes\268.shp,VAR_IDENT,-1,-1,T:\File Sharing\0616 ATMS Stop Estimates\Matching Files\Shapes\Routes\Refined Routes\28.shp,VAR_IDENT,-1,-1,T:\File Sharing\0616 ATMS Stop Estimates\Matching Files\Shapes\Routes\Refined Routes\292.shp,VAR_IDENT,-1,-1,T:\File Sharing\0616 ATMS Stop Estimates\Matching Files\Shapes\Routes\Refined Routes\30.shp,VAR_IDENT,-1,-1,T:\File Sharing\0616 ATMS Stop Estimates\Matching Files\Shapes\Routes\Refined Routes\33.shp,VAR_IDENT,-1,-1,T:\File Sharing\0616 ATMS Stop Estimates\Matching Files\Shapes\Routes\Refined Routes\344.shp,VAR_IDENT,-1,-1,T:\File Sharing\0616 ATMS Stop Estimates\Matching Files\Shapes\Routes\Refined Routes\35.shp,VAR_IDENT,-1,-1,T:\File Sharing\0616 ATMS Stop Estimates\Matching Files\Shapes\Routes\Refined Routes\4.shp,VAR_IDENT,-1,-1,T:\File Sharing\0616 ATMS Stop Estimates\Matching Files\Shapes\Routes\Refined Routes\40.shp,VAR_IDENT,-1,-1,T:\File Sharing\0616 ATMS Stop Estimates\Matching Files\Shapes\Routes\Refined Routes\442.shp,VAR_IDENT,-1,-1,T:\File Sharing\0616 ATMS Stop Estimates\Matching Files\Shapes\Routes\Refined Routes\442north.shp,VAR_IDENT,-1,-1,T:\File Sharing\0616 ATMS Stop Estimates\Matching Files\Shapes\Routes\Refined Routes\45.shp,VAR_IDENT,-1,-1,T:\File Sharing\0616 ATMS Stop Estimates\Matching Files\Shapes\Routes\Refined Routes\460.shp,VAR_IDENT,-1,-1,T:\File Sharing\0616 ATMS Stop Estimates\Matching Files\Shapes\Routes\Refined Routes\487.shp,VAR_IDENT,-1,-1,T:\File Sharing\0616 ATMS Stop Estimates\Matching Files\Shapes\Routes\Refined Routes\501.shp,VAR_IDENT,-1,-1,T:\File Sharing\0616 ATMS Stop Estimates\Matching Files\Shapes\Routes\Refined Routes\51.shp,VAR_IDENT,-1,-1,T:\File Sharing\0616 ATMS Stop Estimates\Matching Files\Shapes\Routes\Refined Routes\53.shp,VAR_IDENT,-1,-1,T:\File Sharing\0616 ATMS Stop Estimates\Matching Files\Shapes\Routes\Refined Routes\534.shp,VAR_IDENT,-1,-1,T:\File Sharing\0616 ATMS Stop Estimates\Matching Files\Shapes\Routes\Refined Routes\55.shp,VAR_IDENT,-1,-1,T:\File Sharing\0616 ATMS Stop Estimates\Matching Files\Shapes\Routes\Refined Routes\550.shp,VAR_IDENT,-1,-1,T:\File Sharing\0616 ATMS Stop Estimates\Matching Files\Shapes\Routes\Refined Routes\577.shp,VAR_IDENT,-1,-1,T:\File Sharing\0616 ATMS Stop Estimates\Matching Files\Shapes\Routes\Refined Routes\60.shp,VAR_IDENT,-1,-1,T:\File Sharing\0616 ATMS Stop Estimates\Matching Files\Shapes\Routes\Refined Routes\603.shp,VAR_IDENT,-1,-1,T:\File Sharing\0616 ATMS Stop Estimates\Matching Files\Shapes\Routes\Refined Routes\605.shp,VAR_IDENT,-1,-1,T:\File Sharing\0616 ATMS Stop Estimates\Matching Files\Shapes\Routes\Refined Routes\607.shp,VAR_IDENT,-1,-1,T:\File Sharing\0616 ATMS Stop Estimates\Matching Files\Shapes\Routes\Refined Routes\611.shp,VAR_IDENT,-1,-1,T:\File Sharing\0616 ATMS Stop Estimates\Matching Files\Shapes\Routes\Refined Routes\612.shp,VAR_IDENT,-1,-1,T:\File Sharing\0616 ATMS Stop Estimates\Matching Files\Shapes\Routes\Refined Routes\62.shp,VAR_IDENT,-1,-1,T:\File Sharing\0616 ATMS Stop Estimates\Matching Files\Shapes\Routes\Refined Routes\625.shp,VAR_IDENT,-1,-1,T:\File Sharing\0616 ATMS Stop Estimates\Matching Files\Shapes\Routes\Refined Routes\66.shp,VAR_IDENT,-1,-1,T:\File Sharing\0616 ATMS Stop Estimates\Matching Files\Shapes\Routes\Refined Routes\665.shp,VAR_IDENT,-1,-1,T:\File Sharing\0616 ATMS Stop Estimates\Matching Files\Shapes\Routes\Refined Routes\68.shp,VAR_IDENT,-1,-1,T:\File Sharing\0616 ATMS Stop Estimates\Matching Files\Shapes\Routes\Refined Routes\685.shp,VAR_IDENT,-1,-1,T:\File Sharing\0616 ATMS Stop Estimates\Matching Files\Shapes\Routes\Refined Routes\687.shp,VAR_IDENT,-1,-1,T:\File Sharing\0616 ATMS Stop Estimates\Matching Files\Shapes\Routes\Refined Routes\70.shp,VAR_IDENT,-1,-1,T:\File Sharing\0616 ATMS Stop Estimates\Matching Files\Shapes\Routes\Refined Routes\704.shp,VAR_IDENT,-1,-1,T:\File Sharing\0616 ATMS Stop Estimates\Matching Files\Shapes\Routes\Refined Routes\705.shp,VAR_IDENT,-1,-1,T:\File Sharing\0616 ATMS Stop Estimates\Matching Files\Shapes\Routes\Refined Routes\71.shp,VAR_IDENT,-1,-1,T:\File Sharing\0616 ATMS Stop Estimates\Matching Files\Shapes\Routes\Refined Routes\710.shp,VAR_IDENT,-1,-1,T:\File Sharing\0616 ATMS Stop Estimates\Matching Files\Shapes\Routes\Refined Routes\720.shp,VAR_IDENT,-1,-1,T:\File Sharing\0616 ATMS Stop Estimates\Matching Files\Shapes\Routes\Refined Routes\728.shp,VAR_IDENT,-1,-1,T:\File Sharing\0616 ATMS Stop Estimates\Matching Files\Shapes\Routes\Refined Routes\733.shp,VAR_IDENT,-1,-1,T:\File Sharing\0616 ATMS Stop Estimates\Matching Files\Shapes\Routes\Refined Routes\734.shp,VAR_IDENT,-1,-1,T:\File Sharing\0616 ATMS Stop Estimates\Matching Files\Shapes\Routes\Refined Routes\740.shp,VAR_IDENT,-1,-1,T:\File Sharing\0616 ATMS Stop Estimates\Matching Files\Shapes\Routes\Refined Routes\744.shp,VAR_IDENT,-1,-1,T:\File Sharing\0616 ATMS Stop Estimates\Matching Files\Shapes\Routes\Refined Routes\745.shp,VAR_IDENT,-1,-1,T:\File Sharing\0616 ATMS Stop Estimates\Matching Files\Shapes\Routes\Refined Routes\750.shp,VAR_IDENT,-1,-1,T:\File Sharing\0616 ATMS Stop Estimates\Matching Files\Shapes\Routes\Refined Routes\751.shp,VAR_IDENT,-1,-1,T:\File Sharing\0616 ATMS Stop Estimates\Matching Files\Shapes\Routes\Refined Routes\754.shp,VAR_IDENT,-1,-1,T:\File Sharing\0616 ATMS Stop Estimates\Matching Files\Shapes\Routes\Refined Routes\757.shp,VAR_IDENT,-1,-1,T:\File Sharing\0616 ATMS Stop Estimates\Matching Files\Shapes\Routes\Refined Routes\76.shp,VAR_IDENT,-1,-1,T:\File Sharing\0616 ATMS Stop Estimates\Matching Files\Shapes\Routes\Refined Routes\760.shp,VAR_IDENT,-1,-1,T:\File Sharing\0616 ATMS Stop Estimates\Matching Files\Shapes\Routes\Refined Routes\762.shp,VAR_IDENT,-1,-1,T:\File Sharing\0616 ATMS Stop Estimates\Matching Files\Shapes\Routes\Refined Routes\770.shp,VAR_IDENT,-1,-1,T:\File Sharing\0616 ATMS Stop Estimates\Matching Files\Shapes\Routes\Refined Routes\78.shp,VAR_IDENT,-1,-1,T:\File Sharing\0616 ATMS Stop Estimates\Matching Files\Shapes\Routes\Refined Routes\780.shp,VAR_IDENT,-1,-1,T:\File Sharing\0616 ATMS Stop Estimates\Matching Files\Shapes\Routes\Refined Routes\788.shp,VAR_IDENT,-1,-1,T:\File Sharing\0616 ATMS Stop Estimates\Matching Files\Shapes\Routes\Refined Routes\794.shp,VAR_IDENT,-1,-1,T:\File Sharing\0616 ATMS Stop Estimates\Matching Files\Shapes\Routes\Refined Routes\81.shp,VAR_IDENT,-1,-1,T:\File Sharing\0616 ATMS Stop Estimates\Matching Files\Shapes\Routes\Refined Routes\83.shp,VAR_IDENT,-1,-1,T:\File Sharing\0616 ATMS Stop Estimates\Matching Files\Shapes\Routes\Refined Routes\90.shp,VAR_IDENT,-1,-1,T:\File Sharing\0616 ATMS Stop Estimates\Matching Files\Shapes\Routes\Refined Routes\901.shp,VAR_IDENT,-1,-1,T:\File Sharing\0616 ATMS Stop Estimates\Matching Files\Shapes\Routes\Refined Routes\910.shp,VAR_IDENT,-1,-1,T:\File Sharing\0616 ATMS Stop Estimates\Matching Files\Shapes\Routes\Refined Routes\92.shp,VAR_IDENT,-1,-1,T:\File Sharing\0616 ATMS Stop Estimates\Matching Files\Shapes\Routes\Refined Routes\94.shp,VAR_IDENT,-1,-1,T:\File Sharing\0616 ATMS Stop Estimates\Matching Files\Shapes\Routes\Refined Routes\96.shp,VAR_IDENT,-1,-1;VAR_DIREC "VAR_DIREC" true true false 11 Double 0 11 ,First,#,T:\File Sharing\0616 ATMS Stop Estimates\Matching Files\Shapes\Routes\Refined Routes\10.shp,VAR_DIREC,-1,-1,T:\File Sharing\0616 ATMS Stop Estimates\Matching Files\Shapes\Routes\Refined Routes\102.shp,VAR_DIREC,-1,-1,T:\File Sharing\0616 ATMS Stop Estimates\Matching Files\Shapes\Routes\Refined Routes\105.shp,VAR_DIREC,-1,-1,T:\File Sharing\0616 ATMS Stop Estimates\Matching Files\Shapes\Routes\Refined Routes\106.shp,VAR_DIREC,-1,-1,T:\File Sharing\0616 ATMS Stop Estimates\Matching Files\Shapes\Routes\Refined Routes\108.shp,VAR_DIREC,-1,-1,T:\File Sharing\0616 ATMS Stop Estimates\Matching Files\Shapes\Routes\Refined Routes\110.shp,VAR_DIREC,-1,-1,T:\File Sharing\0616 ATMS Stop Estimates\Matching Files\Shapes\Routes\Refined Routes\111.shp,VAR_DIREC,-1,-1,T:\File Sharing\0616 ATMS Stop Estimates\Matching Files\Shapes\Routes\Refined Routes\115.shp,VAR_DIREC,-1,-1,T:\File Sharing\0616 ATMS Stop Estimates\Matching Files\Shapes\Routes\Refined Routes\117.shp,VAR_DIREC,-1,-1,T:\File Sharing\0616 ATMS Stop Estimates\Matching Files\Shapes\Routes\Refined Routes\120.shp,VAR_DIREC,-1,-1,T:\File Sharing\0616 ATMS Stop Estimates\Matching Files\Shapes\Routes\Refined Routes\125.shp,VAR_DIREC,-1,-1,T:\File Sharing\0616 ATMS Stop Estimates\Matching Files\Shapes\Routes\Refined Routes\126.shp,VAR_DIREC,-1,-1,T:\File Sharing\0616 ATMS Stop Estimates\Matching Files\Shapes\Routes\Refined Routes\127.shp,VAR_DIREC,-1,-1,T:\File Sharing\0616 ATMS Stop Estimates\Matching Files\Shapes\Routes\Refined Routes\128.shp,VAR_DIREC,-1,-1,T:\File Sharing\0616 ATMS Stop Estimates\Matching Files\Shapes\Routes\Refined Routes\130.shp,VAR_DIREC,-1,-1,T:\File Sharing\0616 ATMS Stop Estimates\Matching Files\Shapes\Routes\Refined Routes\14.shp,VAR_DIREC,-1,-1,T:\File Sharing\0616 ATMS Stop Estimates\Matching Files\Shapes\Routes\Refined Routes\150.shp,VAR_DIREC,-1,-1,T:\File Sharing\0616 ATMS Stop Estimates\Matching Files\Shapes\Routes\Refined Routes\152.shp,VAR_DIREC,-1,-1,T:\File Sharing\0616 ATMS Stop Estimates\Matching Files\Shapes\Routes\Refined Routes\154.shp,VAR_DIREC,-1,-1,T:\File Sharing\0616 ATMS Stop Estimates\Matching Files\Shapes\Routes\Refined Routes\155.shp,VAR_DIREC,-1,-1,T:\File Sharing\0616 ATMS Stop Estimates\Matching Files\Shapes\Routes\Refined Routes\158.shp,VAR_DIREC,-1,-1,T:\File Sharing\0616 ATMS Stop Estimates\Matching Files\Shapes\Routes\Refined Routes\16.shp,VAR_DIREC,-1,-1,T:\File Sharing\0616 ATMS Stop Estimates\Matching Files\Shapes\Routes\Refined Routes\161.shp,VAR_DIREC,-1,-1,T:\File Sharing\0616 ATMS Stop Estimates\Matching Files\Shapes\Routes\Refined Routes\163.shp,VAR_DIREC,-1,-1,T:\File Sharing\0616 ATMS Stop Estimates\Matching Files\Shapes\Routes\Refined Routes\164.shp,VAR_DIREC,-1,-1,T:\File Sharing\0616 ATMS Stop Estimates\Matching Files\Shapes\Routes\Refined Routes\165.shp,VAR_DIREC,-1,-1,T:\File Sharing\0616 ATMS Stop Estimates\Matching Files\Shapes\Routes\Refined Routes\166.shp,VAR_DIREC,-1,-1,T:\File Sharing\0616 ATMS Stop Estimates\Matching Files\Shapes\Routes\Refined Routes\167.shp,VAR_DIREC,-1,-1,T:\File Sharing\0616 ATMS Stop Estimates\Matching Files\Shapes\Routes\Refined Routes\169.shp,VAR_DIREC,-1,-1,T:\File Sharing\0616 ATMS Stop Estimates\Matching Files\Shapes\Routes\Refined Routes\175.shp,VAR_DIREC,-1,-1,T:\File Sharing\0616 ATMS Stop Estimates\Matching Files\Shapes\Routes\Refined Routes\176.shp,VAR_DIREC,-1,-1,T:\File Sharing\0616 ATMS Stop Estimates\Matching Files\Shapes\Routes\Refined Routes\177.shp,VAR_DIREC,-1,-1,T:\File Sharing\0616 ATMS Stop Estimates\Matching Files\Shapes\Routes\Refined Routes\18.shp,VAR_DIREC,-1,-1,T:\File Sharing\0616 ATMS Stop Estimates\Matching Files\Shapes\Routes\Refined Routes\180.shp,VAR_DIREC,-1,-1,T:\File Sharing\0616 ATMS Stop Estimates\Matching Files\Shapes\Routes\Refined Routes\183.shp,VAR_DIREC,-1,-1,T:\File Sharing\0616 ATMS Stop Estimates\Matching Files\Shapes\Routes\Refined Routes\2.shp,VAR_DIREC,-1,-1,T:\File Sharing\0616 ATMS Stop Estimates\Matching Files\Shapes\Routes\Refined Routes\20.shp,VAR_DIREC,-1,-1,T:\File Sharing\0616 ATMS Stop Estimates\Matching Files\Shapes\Routes\Refined Routes\200.shp,VAR_DIREC,-1,-1,T:\File Sharing\0616 ATMS Stop Estimates\Matching Files\Shapes\Routes\Refined Routes\201.shp,VAR_DIREC,-1,-1,T:\File Sharing\0616 ATMS Stop Estimates\Matching Files\Shapes\Routes\Refined Routes\202.shp,VAR_DIREC,-1,-1,T:\File Sharing\0616 ATMS Stop Estimates\Matching Files\Shapes\Routes\Refined Routes\204.shp,VAR_DIREC,-1,-1,T:\File Sharing\0616 ATMS Stop Estimates\Matching Files\Shapes\Routes\Refined Routes\205.shp,VAR_DIREC,-1,-1,T:\File Sharing\0616 ATMS Stop Estimates\Matching Files\Shapes\Routes\Refined Routes\206.shp,VAR_DIREC,-1,-1,T:\File Sharing\0616 ATMS Stop Estimates\Matching Files\Shapes\Routes\Refined Routes\207.shp,VAR_DIREC,-1,-1,T:\File Sharing\0616 ATMS Stop Estimates\Matching Files\Shapes\Routes\Refined Routes\209.shp,VAR_DIREC,-1,-1,T:\File Sharing\0616 ATMS Stop Estimates\Matching Files\Shapes\Routes\Refined Routes\210.shp,VAR_DIREC,-1,-1,T:\File Sharing\0616 ATMS Stop Estimates\Matching Files\Shapes\Routes\Refined Routes\211.shp,VAR_DIREC,-1,-1,T:\File Sharing\0616 ATMS Stop Estimates\Matching Files\Shapes\Routes\Refined Routes\212.shp,VAR_DIREC,-1,-1,T:\File Sharing\0616 ATMS Stop Estimates\Matching Files\Shapes\Routes\Refined Routes\217.shp,VAR_DIREC,-1,-1,T:\File Sharing\0616 ATMS Stop Estimates\Matching Files\Shapes\Routes\Refined Routes\218.shp,VAR_DIREC,-1,-1,T:\File Sharing\0616 ATMS Stop Estimates\Matching Files\Shapes\Routes\Refined Routes\222.shp,VAR_DIREC,-1,-1,T:\File Sharing\0616 ATMS Stop Estimates\Matching Files\Shapes\Routes\Refined Routes\224.shp,VAR_DIREC,-1,-1,T:\File Sharing\0616 ATMS Stop Estimates\Matching Files\Shapes\Routes\Refined Routes\230.shp,VAR_DIREC,-1,-1,T:\File Sharing\0616 ATMS Stop Estimates\Matching Files\Shapes\Routes\Refined Routes\232.shp,VAR_DIREC,-1,-1,T:\File Sharing\0616 ATMS Stop Estimates\Matching Files\Shapes\Routes\Refined Routes\233.shp,VAR_DIREC,-1,-1,T:\File Sharing\0616 ATMS Stop Estimates\Matching Files\Shapes\Routes\Refined Routes\234.shp,VAR_DIREC,-1,-1,T:\File Sharing\0616 ATMS Stop Estimates\Matching Files\Shapes\Routes\Refined Routes\236.shp,VAR_DIREC,-1,-1,T:\File Sharing\0616 ATMS Stop Estimates\Matching Files\Shapes\Routes\Refined Routes\237.shp,VAR_DIREC,-1,-1,T:\File Sharing\0616 ATMS Stop Estimates\Matching Files\Shapes\Routes\Refined Routes\239.shp,VAR_DIREC,-1,-1,T:\File Sharing\0616 ATMS Stop Estimates\Matching Files\Shapes\Routes\Refined Routes\243.shp,VAR_DIREC,-1,-1,T:\File Sharing\0616 ATMS Stop Estimates\Matching Files\Shapes\Routes\Refined Routes\245.shp,VAR_DIREC,-1,-1,T:\File Sharing\0616 ATMS Stop Estimates\Matching Files\Shapes\Routes\Refined Routes\246.shp,VAR_DIREC,-1,-1,T:\File Sharing\0616 ATMS Stop Estimates\Matching Files\Shapes\Routes\Refined Routes\251.shp,VAR_DIREC,-1,-1,T:\File Sharing\0616 ATMS Stop Estimates\Matching Files\Shapes\Routes\Refined Routes\252.shp,VAR_DIREC,-1,-1,T:\File Sharing\0616 ATMS Stop Estimates\Matching Files\Shapes\Routes\Refined Routes\254.shp,VAR_DIREC,-1,-1,T:\File Sharing\0616 ATMS Stop Estimates\Matching Files\Shapes\Routes\Refined Routes\256.shp,VAR_DIREC,-1,-1,T:\File Sharing\0616 ATMS Stop Estimates\Matching Files\Shapes\Routes\Refined Routes\258.shp,VAR_DIREC,-1,-1,T:\File Sharing\0616 ATMS Stop Estimates\Matching Files\Shapes\Routes\Refined Routes\260.shp,VAR_DIREC,-1,-1,T:\File Sharing\0616 ATMS Stop Estimates\Matching Files\Shapes\Routes\Refined Routes\265.shp,VAR_DIREC,-1,-1,T:\File Sharing\0616 ATMS Stop Estimates\Matching Files\Shapes\Routes\Refined Routes\266.shp,VAR_DIREC,-1,-1,T:\File Sharing\0616 ATMS Stop Estimates\Matching Files\Shapes\Routes\Refined Routes\267.shp,VAR_DIREC,-1,-1,T:\File Sharing\0616 ATMS Stop Estimates\Matching Files\Shapes\Routes\Refined Routes\268.shp,VAR_DIREC,-1,-1,T:\File Sharing\0616 ATMS Stop Estimates\Matching Files\Shapes\Routes\Refined Routes\28.shp,VAR_DIREC,-1,-1,T:\File Sharing\0616 ATMS Stop Estimates\Matching Files\Shapes\Routes\Refined Routes\292.shp,VAR_DIREC,-1,-1,T:\File Sharing\0616 ATMS Stop Estimates\Matching Files\Shapes\Routes\Refined Routes\30.shp,VAR_DIREC,-1,-1,T:\File Sharing\0616 ATMS Stop Estimates\Matching Files\Shapes\Routes\Refined Routes\33.shp,VAR_DIREC,-1,-1,T:\File Sharing\0616 ATMS Stop Estimates\Matching Files\Shapes\Routes\Refined Routes\344.shp,VAR_DIREC,-1,-1,T:\File Sharing\0616 ATMS Stop Estimates\Matching Files\Shapes\Routes\Refined Routes\35.shp,VAR_DIREC,-1,-1,T:\File Sharing\0616 ATMS Stop Estimates\Matching Files\Shapes\Routes\Refined Routes\4.shp,VAR_DIREC,-1,-1,T:\File Sharing\0616 ATMS Stop Estimates\Matching Files\Shapes\Routes\Refined Routes\40.shp,VAR_DIREC,-1,-1,T:\File Sharing\0616 ATMS Stop Estimates\Matching Files\Shapes\Routes\Refined Routes\442.shp,VAR_DIREC,-1,-1,T:\File Sharing\0616 ATMS Stop Estimates\Matching Files\Shapes\Routes\Refined Routes\442north.shp,VAR_DIREC,-1,-1,T:\File Sharing\0616 ATMS Stop Estimates\Matching Files\Shapes\Routes\Refined Routes\45.shp,VAR_DIREC,-1,-1,T:\File Sharing\0616 ATMS Stop Estimates\Matching Files\Shapes\Routes\Refined Routes\460.shp,VAR_DIREC,-1,-1,T:\File Sharing\0616 ATMS Stop Estimates\Matching Files\Shapes\Routes\Refined Routes\487.shp,VAR_DIREC,-1,-1,T:\File Sharing\0616 ATMS Stop Estimates\Matching Files\Shapes\Routes\Refined Routes\501.shp,VAR_DIREC,-1,-1,T:\File Sharing\0616 ATMS Stop Estimates\Matching Files\Shapes\Routes\Refined Routes\51.shp,VAR_DIREC,-1,-1,T:\File Sharing\0616 ATMS Stop Estimates\Matching Files\Shapes\Routes\Refined Routes\53.shp,VAR_DIREC,-1,-1,T:\File Sharing\0616 ATMS Stop Estimates\Matching Files\Shapes\Routes\Refined Routes\534.shp,VAR_DIREC,-1,-1,T:\File Sharing\0616 ATMS Stop Estimates\Matching Files\Shapes\Routes\Refined Routes\55.shp,VAR_DIREC,-1,-1,T:\File Sharing\0616 ATMS Stop Estimates\Matching Files\Shapes\Routes\Refined Routes\550.shp,VAR_DIREC,-1,-1,T:\File Sharing\0616 ATMS Stop Estimates\Matching Files\Shapes\Routes\Refined Routes\577.shp,VAR_DIREC,-1,-1,T:\File Sharing\0616 ATMS Stop Estimates\Matching Files\Shapes\Routes\Refined Routes\60.shp,VAR_DIREC,-1,-1,T:\File Sharing\0616 ATMS Stop Estimates\Matching Files\Shapes\Routes\Refined Routes\603.shp,VAR_DIREC,-1,-1,T:\File Sharing\0616 ATMS Stop Estimates\Matching Files\Shapes\Routes\Refined Routes\605.shp,VAR_DIREC,-1,-1,T:\File Sharing\0616 ATMS Stop Estimates\Matching Files\Shapes\Routes\Refined Routes\607.shp,VAR_DIREC,-1,-1,T:\File Sharing\0616 ATMS Stop Estimates\Matching Files\Shapes\Routes\Refined Routes\611.shp,VAR_DIREC,-1,-1,T:\File Sharing\0616 ATMS Stop Estimates\Matching Files\Shapes\Routes\Refined Routes\612.shp,VAR_DIREC,-1,-1,T:\File Sharing\0616 ATMS Stop Estimates\Matching Files\Shapes\Routes\Refined Routes\62.shp,VAR_DIREC,-1,-1,T:\File Sharing\0616 ATMS Stop Estimates\Matching Files\Shapes\Routes\Refined Routes\625.shp,VAR_DIREC,-1,-1,T:\File Sharing\0616 ATMS Stop Estimates\Matching Files\Shapes\Routes\Refined Routes\66.shp,VAR_DIREC,-1,-1,T:\File Sharing\0616 ATMS Stop Estimates\Matching Files\Shapes\Routes\Refined Routes\665.shp,VAR_DIREC,-1,-1,T:\File Sharing\0616 ATMS Stop Estimates\Matching Files\Shapes\Routes\Refined Routes\68.shp,VAR_DIREC,-1,-1,T:\File Sharing\0616 ATMS Stop Estimates\Matching Files\Shapes\Routes\Refined Routes\685.shp,VAR_DIREC,-1,-1,T:\File Sharing\0616 ATMS Stop Estimates\Matching Files\Shapes\Routes\Refined Routes\687.shp,VAR_DIREC,-1,-1,T:\File Sharing\0616 ATMS Stop Estimates\Matching Files\Shapes\Routes\Refined Routes\70.shp,VAR_DIREC,-1,-1,T:\File Sharing\0616 ATMS Stop Estimates\Matching Files\Shapes\Routes\Refined Routes\704.shp,VAR_DIREC,-1,-1,T:\File Sharing\0616 ATMS Stop Estimates\Matching Files\Shapes\Routes\Refined Routes\705.shp,VAR_DIREC,-1,-1,T:\File Sharing\0616 ATMS Stop Estimates\Matching Files\Shapes\Routes\Refined Routes\71.shp,VAR_DIREC,-1,-1,T:\File Sharing\0616 ATMS Stop Estimates\Matching Files\Shapes\Routes\Refined Routes\710.shp,VAR_DIREC,-1,-1,T:\File Sharing\0616 ATMS Stop Estimates\Matching Files\Shapes\Routes\Refined Routes\720.shp,VAR_DIREC,-1,-1,T:\File Sharing\0616 ATMS Stop Estimates\Matching Files\Shapes\Routes\Refined Routes\728.shp,VAR_DIREC,-1,-1,T:\File Sharing\0616 ATMS Stop Estimates\Matching Files\Shapes\Routes\Refined Routes\733.shp,VAR_DIREC,-1,-1,T:\File Sharing\0616 ATMS Stop Estimates\Matching Files\Shapes\Routes\Refined Routes\734.shp,VAR_DIREC,-1,-1,T:\File Sharing\0616 ATMS Stop Estimates\Matching Files\Shapes\Routes\Refined Routes\740.shp,VAR_DIREC,-1,-1,T:\File Sharing\0616 ATMS Stop Estimates\Matching Files\Shapes\Routes\Refined Routes\744.shp,VAR_DIREC,-1,-1,T:\File Sharing\0616 ATMS Stop Estimates\Matching Files\Shapes\Routes\Refined Routes\745.shp,VAR_DIREC,-1,-1,T:\File Sharing\0616 ATMS Stop Estimates\Matching Files\Shapes\Routes\Refined Routes\750.shp,VAR_DIREC,-1,-1,T:\File Sharing\0616 ATMS Stop Estimates\Matching Files\Shapes\Routes\Refined Routes\751.shp,VAR_DIREC,-1,-1,T:\File Sharing\0616 ATMS Stop Estimates\Matching Files\Shapes\Routes\Refined Routes\754.shp,VAR_DIREC,-1,-1,T:\File Sharing\0616 ATMS Stop Estimates\Matching Files\Shapes\Routes\Refined Routes\757.shp,VAR_DIREC,-1,-1,T:\File Sharing\0616 ATMS Stop Estimates\Matching Files\Shapes\Routes\Refined Routes\76.shp,VAR_DIREC,-1,-1,T:\File Sharing\0616 ATMS Stop Estimates\Matching Files\Shapes\Routes\Refined Routes\760.shp,VAR_DIREC,-1,-1,T:\File Sharing\0616 ATMS Stop Estimates\Matching Files\Shapes\Routes\Refined Routes\762.shp,VAR_DIREC,-1,-1,T:\File Sharing\0616 ATMS Stop Estimates\Matching Files\Shapes\Routes\Refined Routes\770.shp,VAR_DIREC,-1,-1,T:\File Sharing\0616 ATMS Stop Estimates\Matching Files\Shapes\Routes\Refined Routes\78.shp,VAR_DIREC,-1,-1,T:\File Sharing\0616 ATMS Stop Estimates\Matching Files\Shapes\Routes\Refined Routes\780.shp,VAR_DIREC,-1,-1,T:\File Sharing\0616 ATMS Stop Estimates\Matching Files\Shapes\Routes\Refined Routes\788.shp,VAR_DIREC,-1,-1,T:\File Sharing\0616 ATMS Stop Estimates\Matching Files\Shapes\Routes\Refined Routes\794.shp,VAR_DIREC,-1,-1,T:\File Sharing\0616 ATMS Stop Estimates\Matching Files\Shapes\Routes\Refined Routes\81.shp,VAR_DIREC,-1,-1,T:\File Sharing\0616 ATMS Stop Estimates\Matching Files\Shapes\Routes\Refined Routes\83.shp,VAR_DIREC,-1,-1,T:\File Sharing\0616 ATMS Stop Estimates\Matching Files\Shapes\Routes\Refined Routes\90.shp,VAR_DIREC,-1,-1,T:\File Sharing\0616 ATMS Stop Estimates\Matching Files\Shapes\Routes\Refined Routes\901.shp,VAR_DIREC,-1,-1,T:\File Sharing\0616 ATMS Stop Estimates\Matching Files\Shapes\Routes\Refined Routes\910.shp,VAR_DIREC,-1,-1,T:\File Sharing\0616 ATMS Stop Estimates\Matching Files\Shapes\Routes\Refined Routes\92.shp,VAR_DIREC,-1,-1,T:\File Sharing\0616 ATMS Stop Estimates\Matching Files\Shapes\Routes\Refined Routes\94.shp,VAR_DIREC,-1,-1,T:\File Sharing\0616 ATMS Stop Estimates\Matching Files\Shapes\Routes\Refined Routes\96.shp,VAR_DIREC,-1,-1;VAR_DESCR "VAR_DESCR" true true false 41 Text 0 0 ,First,#,T:\File Sharing\0616 ATMS Stop Estimates\Matching Files\Shapes\Routes\Refined Routes\10.shp,VAR_DESCR,-1,-1,T:\File Sharing\0616 ATMS Stop Estimates\Matching Files\Shapes\Routes\Refined Routes\102.shp,VAR_DESCR,-1,-1,T:\File Sharing\0616 ATMS Stop Estimates\Matching Files\Shapes\Routes\Refined Routes\105.shp,VAR_DESCR,-1,-1,T:\File Sharing\0616 ATMS Stop Estimates\Matching Files\Shapes\Routes\Refined Routes\106.shp,VAR_DESCR,-1,-1,T:\File Sharing\0616 ATMS Stop Estimates\Matching Files\Shapes\Routes\Refined Routes\108.shp,VAR_DESCR,-1,-1,T:\File Sharing\0616 ATMS Stop Estimates\Matching Files\Shapes\Routes\Refined Routes\110.shp,VAR_DESCR,-1,-1,T:\File Sharing\0616 ATMS Stop Estimates\Matching Files\Shapes\Routes\Refined Routes\111.shp,VAR_DESCR,-1,-1,T:\File Sharing\0616 ATMS Stop Estimates\Matching Files\Shapes\Routes\Refined Routes\115.shp,VAR_DESCR,-1,-1,T:\File Sharing\0616 ATMS Stop Estimates\Matching Files\Shapes\Routes\Refined Routes\117.shp,VAR_DESCR,-1,-1,T:\File Sharing\0616 ATMS Stop Estimates\Matching Files\Shapes\Routes\Refined Routes\120.shp,VAR_DESCR,-1,-1,T:\File Sharing\0616 ATMS Stop Estimates\Matching Files\Shapes\Routes\Refined Routes\125.shp,VAR_DESCR,-1,-1,T:\File Sharing\0616 ATMS Stop Estimates\Matching Files\Shapes\Routes\Refined Routes\126.shp,VAR_DESCR,-1,-1,T:\File Sharing\0616 ATMS Stop Estimates\Matching Files\Shapes\Routes\Refined Routes\127.shp,VAR_DESCR,-1,-1,T:\File Sharing\0616 ATMS Stop Estimates\Matching Files\Shapes\Routes\Refined Routes\128.shp,VAR_DESCR,-1,-1,T:\File Sharing\0616 ATMS Stop Estimates\Matching Files\Shapes\Routes\Refined Routes\130.shp,VAR_DESCR,-1,-1,T:\File Sharing\0616 ATMS Stop Estimates\Matching Files\Shapes\Routes\Refined Routes\14.shp,VAR_DESCR,-1,-1,T:\File Sharing\0616 ATMS Stop Estimates\Matching Files\Shapes\Routes\Refined Routes\150.shp,VAR_DESCR,-1,-1,T:\File Sharing\0616 ATMS Stop Estimates\Matching Files\Shapes\Routes\Refined Routes\152.shp,VAR_DESCR,-1,-1,T:\File Sharing\0616 ATMS Stop Estimates\Matching Files\Shapes\Routes\Refined Routes\154.shp,VAR_DESCR,-1,-1,T:\File Sharing\0616 ATMS Stop Estimates\Matching Files\Shapes\Routes\Refined Routes\155.shp,VAR_DESCR,-1,-1,T:\File Sharing\0616 ATMS Stop Estimates\Matching Files\Shapes\Routes\Refined Routes\158.shp,VAR_DESCR,-1,-1,T:\File Sharing\0616 ATMS Stop Estimates\Matching Files\Shapes\Routes\Refined Routes\16.shp,VAR_DESCR,-1,-1,T:\File Sharing\0616 ATMS Stop Estimates\Matching Files\Shapes\Routes\Refined Routes\161.shp,VAR_DESCR,-1,-1,T:\File Sharing\0616 ATMS Stop Estimates\Matching Files\Shapes\Routes\Refined Routes\163.shp,VAR_DESCR,-1,-1,T:\File Sharing\0616 ATMS Stop Estimates\Matching Files\Shapes\Routes\Refined Routes\164.shp,VAR_DESCR,-1,-1,T:\File Sharing\0616 ATMS Stop Estimates\Matching Files\Shapes\Routes\Refined Routes\165.shp,VAR_DESCR,-1,-1,T:\File Sharing\0616 ATMS Stop Estimates\Matching Files\Shapes\Routes\Refined Routes\166.shp,VAR_DESCR,-1,-1,T:\File Sharing\0616 ATMS Stop Estimates\Matching Files\Shapes\Routes\Refined Routes\167.shp,VAR_DESCR,-1,-1,T:\File Sharing\0616 ATMS Stop Estimates\Matching Files\Shapes\Routes\Refined Routes\169.shp,VAR_DESCR,-1,-1,T:\File Sharing\0616 ATMS Stop Estimates\Matching Files\Shapes\Routes\Refined Routes\175.shp,VAR_DESCR,-1,-1,T:\File Sharing\0616 ATMS Stop Estimates\Matching Files\Shapes\Routes\Refined Routes\176.shp,VAR_DESCR,-1,-1,T:\File Sharing\0616 ATMS Stop Estimates\Matching Files\Shapes\Routes\Refined Routes\177.shp,VAR_DESCR,-1,-1,T:\File Sharing\0616 ATMS Stop Estimates\Matching Files\Shapes\Routes\Refined Routes\18.shp,VAR_DESCR,-1,-1,T:\File Sharing\0616 ATMS Stop Estimates\Matching Files\Shapes\Routes\Refined Routes\180.shp,VAR_DESCR,-1,-1,T:\File Sharing\0616 ATMS Stop Estimates\Matching Files\Shapes\Routes\Refined Routes\183.shp,VAR_DESCR,-1,-1,T:\File Sharing\0616 ATMS Stop Estimates\Matching Files\Shapes\Routes\Refined Routes\2.shp,VAR_DESCR,-1,-1,T:\File Sharing\0616 ATMS Stop Estimates\Matching Files\Shapes\Routes\Refined Routes\20.shp,VAR_DESCR,-1,-1,T:\File Sharing\0616 ATMS Stop Estimates\Matching Files\Shapes\Routes\Refined Routes\200.shp,VAR_DESCR,-1,-1,T:\File Sharing\0616 ATMS Stop Estimates\Matching Files\Shapes\Routes\Refined Routes\201.shp,VAR_DESCR,-1,-1,T:\File Sharing\0616 ATMS Stop Estimates\Matching Files\Shapes\Routes\Refined Routes\202.shp,VAR_DESCR,-1,-1,T:\File Sharing\0616 ATMS Stop Estimates\Matching Files\Shapes\Routes\Refined Routes\204.shp,VAR_DESCR,-1,-1,T:\File Sharing\0616 ATMS Stop Estimates\Matching Files\Shapes\Routes\Refined Routes\205.shp,VAR_DESCR,-1,-1,T:\File Sharing\0616 ATMS Stop Estimates\Matching Files\Shapes\Routes\Refined Routes\206.shp,VAR_DESCR,-1,-1,T:\File Sharing\0616 ATMS Stop Estimates\Matching Files\Shapes\Routes\Refined Routes\207.shp,VAR_DESCR,-1,-1,T:\File Sharing\0616 ATMS Stop Estimates\Matching Files\Shapes\Routes\Refined Routes\209.shp,VAR_DESCR,-1,-1,T:\File Sharing\0616 ATMS Stop Estimates\Matching Files\Shapes\Routes\Refined Routes\210.shp,VAR_DESCR,-1,-1,T:\File Sharing\0616 ATMS Stop Estimates\Matching Files\Shapes\Routes\Refined Routes\211.shp,VAR_DESCR,-1,-1,T:\File Sharing\0616 ATMS Stop Estimates\Matching Files\Shapes\Routes\Refined Routes\212.shp,VAR_DESCR,-1,-1,T:\File Sharing\0616 ATMS Stop Estimates\Matching Files\Shapes\Routes\Refined Routes\217.shp,VAR_DESCR,-1,-1,T:\File Sharing\0616 ATMS Stop Estimates\Matching Files\Shapes\Routes\Refined Routes\218.shp,VAR_DESCR,-1,-1,T:\File Sharing\0616 ATMS Stop Estimates\Matching Files\Shapes\Routes\Refined Routes\222.shp,VAR_DESCR,-1,-1,T:\File Sharing\0616 ATMS Stop Estimates\Matching Files\Shapes\Routes\Refined Routes\224.shp,VAR_DESCR,-1,-1,T:\File Sharing\0616 ATMS Stop Estimates\Matching Files\Shapes\Routes\Refined Routes\230.shp,VAR_DESCR,-1,-1,T:\File Sharing\0616 ATMS Stop Estimates\Matching Files\Shapes\Routes\Refined Routes\232.shp,VAR_DESCR,-1,-1,T:\File Sharing\0616 ATMS Stop Estimates\Matching Files\Shapes\Routes\Refined Routes\233.shp,VAR_DESCR,-1,-1,T:\File Sharing\0616 ATMS Stop Estimates\Matching Files\Shapes\Routes\Refined Routes\234.shp,VAR_DESCR,-1,-1,T:\File Sharing\0616 ATMS Stop Estimates\Matching Files\Shapes\Routes\Refined Routes\236.shp,VAR_DESCR,-1,-1,T:\File Sharing\0616 ATMS Stop Estimates\Matching Files\Shapes\Routes\Refined Routes\237.shp,VAR_DESCR,-1,-1,T:\File Sharing\0616 ATMS Stop Estimates\Matching Files\Shapes\Routes\Refined Routes\239.shp,VAR_DESCR,-1,-1,T:\File Sharing\0616 ATMS Stop Estimates\Matching Files\Shapes\Routes\Refined Routes\243.shp,VAR_DESCR,-1,-1,T:\File Sharing\0616 ATMS Stop Estimates\Matching Files\Shapes\Routes\Refined Routes\245.shp,VAR_DESCR,-1,-1,T:\File Sharing\0616 ATMS Stop Estimates\Matching Files\Shapes\Routes\Refined Routes\246.shp,VAR_DESCR,-1,-1,T:\File Sharing\0616 ATMS Stop Estimates\Matching Files\Shapes\Routes\Refined Routes\251.shp,VAR_DESCR,-1,-1,T:\File Sharing\0616 ATMS Stop Estimates\Matching Files\Shapes\Routes\Refined Routes\252.shp,VAR_DESCR,-1,-1,T:\File Sharing\0616 ATMS Stop Estimates\Matching Files\Shapes\Routes\Refined Routes\254.shp,VAR_DESCR,-1,-1,T:\File Sharing\0616 ATMS Stop Estimates\Matching Files\Shapes\Routes\Refined Routes\256.shp,VAR_DESCR,-1,-1,T:\File Sharing\0616 ATMS Stop Estimates\Matching Files\Shapes\Routes\Refined Routes\258.shp,VAR_DESCR,-1,-1,T:\File Sharing\0616 ATMS Stop Estimates\Matching Files\Shapes\Routes\Refined Routes\260.shp,VAR_DESCR,-1,-1,T:\File Sharing\0616 ATMS Stop Estimates\Matching Files\Shapes\Routes\Refined Routes\265.shp,VAR_DESCR,-1,-1,T:\File Sharing\0616 ATMS Stop Estimates\Matching Files\Shapes\Routes\Refined Routes\266.shp,VAR_DESCR,-1,-1,T:\File Sharing\0616 ATMS Stop Estimates\Matching Files\Shapes\Routes\Refined Routes\267.shp,VAR_DESCR,-1,-1,T:\File Sharing\0616 ATMS Stop Estimates\Matching Files\Shapes\Routes\Refined Routes\268.shp,VAR_DESCR,-1,-1,T:\File Sharing\0616 ATMS Stop Estimates\Matching Files\Shapes\Routes\Refined Routes\28.shp,VAR_DESCR,-1,-1,T:\File Sharing\0616 ATMS Stop Estimates\Matching Files\Shapes\Routes\Refined Routes\292.shp,VAR_DESCR,-1,-1,T:\File Sharing\0616 ATMS Stop Estimates\Matching Files\Shapes\Routes\Refined Routes\30.shp,VAR_DESCR,-1,-1,T:\File Sharing\0616 ATMS Stop Estimates\Matching Files\Shapes\Routes\Refined Routes\33.shp,VAR_DESCR,-1,-1,T:\File Sharing\0616 ATMS Stop Estimates\Matching Files\Shapes\Routes\Refined Routes\344.shp,VAR_DESCR,-1,-1,T:\File Sharing\0616 ATMS Stop Estimates\Matching Files\Shapes\Routes\Refined Routes\35.shp,VAR_DESCR,-1,-1,T:\File Sharing\0616 ATMS Stop Estimates\Matching Files\Shapes\Routes\Refined Routes\4.shp,VAR_DESCR,-1,-1,T:\File Sharing\0616 ATMS Stop Estimates\Matching Files\Shapes\Routes\Refined Routes\40.shp,VAR_DESCR,-1,-1,T:\File Sharing\0616 ATMS Stop Estimates\Matching Files\Shapes\Routes\Refined Routes\442.shp,VAR_DESCR,-1,-1,T:\File Sharing\0616 ATMS Stop Estimates\Matching Files\Shapes\Routes\Refined Routes\442north.shp,VAR_DESCR,-1,-1,T:\File Sharing\0616 ATMS Stop Estimates\Matching Files\Shapes\Routes\Refined Routes\45.shp,VAR_DESCR,-1,-1,T:\File Sharing\0616 ATMS Stop Estimates\Matching Files\Shapes\Routes\Refined Routes\460.shp,VAR_DESCR,-1,-1,T:\File Sharing\0616 ATMS Stop Estimates\Matching Files\Shapes\Routes\Refined Routes\487.shp,VAR_DESCR,-1,-1,T:\File Sharing\0616 ATMS Stop Estimates\Matching Files\Shapes\Routes\Refined Routes\501.shp,VAR_DESCR,-1,-1,T:\File Sharing\0616 ATMS Stop Estimates\Matching Files\Shapes\Routes\Refined Routes\51.shp,VAR_DESCR,-1,-1,T:\File Sharing\0616 ATMS Stop Estimates\Matching Files\Shapes\Routes\Refined Routes\53.shp,VAR_DESCR,-1,-1,T:\File Sharing\0616 ATMS Stop Estimates\Matching Files\Shapes\Routes\Refined Routes\534.shp,VAR_DESCR,-1,-1,T:\File Sharing\0616 ATMS Stop Estimates\Matching Files\Shapes\Routes\Refined Routes\55.shp,VAR_DESCR,-1,-1,T:\File Sharing\0616 ATMS Stop Estimates\Matching Files\Shapes\Routes\Refined Routes\550.shp,VAR_DESCR,-1,-1,T:\File Sharing\0616 ATMS Stop Estimates\Matching Files\Shapes\Routes\Refined Routes\577.shp,VAR_DESCR,-1,-1,T:\File Sharing\0616 ATMS Stop Estimates\Matching Files\Shapes\Routes\Refined Routes\60.shp,VAR_DESCR,-1,-1,T:\File Sharing\0616 ATMS Stop Estimates\Matching Files\Shapes\Routes\Refined Routes\603.shp,VAR_DESCR,-1,-1,T:\File Sharing\0616 ATMS Stop Estimates\Matching Files\Shapes\Routes\Refined Routes\605.shp,VAR_DESCR,-1,-1,T:\File Sharing\0616 ATMS Stop Estimates\Matching Files\Shapes\Routes\Refined Routes\607.shp,VAR_DESCR,-1,-1,T:\File Sharing\0616 ATMS Stop Estimates\Matching Files\Shapes\Routes\Refined Routes\611.shp,VAR_DESCR,-1,-1,T:\File Sharing\0616 ATMS Stop Estimates\Matching Files\Shapes\Routes\Refined Routes\612.shp,VAR_DESCR,-1,-1,T:\File Sharing\0616 ATMS Stop Estimates\Matching Files\Shapes\Routes\Refined Routes\62.shp,VAR_DESCR,-1,-1,T:\File Sharing\0616 ATMS Stop Estimates\Matching Files\Shapes\Routes\Refined Routes\625.shp,VAR_DESCR,-1,-1,T:\File Sharing\0616 ATMS Stop Estimates\Matching Files\Shapes\Routes\Refined Routes\66.shp,VAR_DESCR,-1,-1,T:\File Sharing\0616 ATMS Stop Estimates\Matching Files\Shapes\Routes\Refined Routes\665.shp,VAR_DESCR,-1,-1,T:\File Sharing\0616 ATMS Stop Estimates\Matching Files\Shapes\Routes\Refined Routes\68.shp,VAR_DESCR,-1,-1,T:\File Sharing\0616 ATMS Stop Estimates\Matching Files\Shapes\Routes\Refined Routes\685.shp,VAR_DESCR,-1,-1,T:\File Sharing\0616 ATMS Stop Estimates\Matching Files\Shapes\Routes\Refined Routes\687.shp,VAR_DESCR,-1,-1,T:\File Sharing\0616 ATMS Stop Estimates\Matching Files\Shapes\Routes\Refined Routes\70.shp,VAR_DESCR,-1,-1,T:\File Sharing\0616 ATMS Stop Estimates\Matching Files\Shapes\Routes\Refined Routes\704.shp,VAR_DESCR,-1,-1,T:\File Sharing\0616 ATMS Stop Estimates\Matching Files\Shapes\Routes\Refined Routes\705.shp,VAR_DESCR,-1,-1,T:\File Sharing\0616 ATMS Stop Estimates\Matching Files\Shapes\Routes\Refined Routes\71.shp,VAR_DESCR,-1,-1,T:\File Sharing\0616 ATMS Stop Estimates\Matching Files\Shapes\Routes\Refined Routes\710.shp,VAR_DESCR,-1,-1,T:\File Sharing\0616 ATMS Stop Estimates\Matching Files\Shapes\Routes\Refined Routes\720.shp,VAR_DESCR,-1,-1,T:\File Sharing\0616 ATMS Stop Estimates\Matching Files\Shapes\Routes\Refined Routes\728.shp,VAR_DESCR,-1,-1,T:\File Sharing\0616 ATMS Stop Estimates\Matching Files\Shapes\Routes\Refined Routes\733.shp,VAR_DESCR,-1,-1,T:\File Sharing\0616 ATMS Stop Estimates\Matching Files\Shapes\Routes\Refined Routes\734.shp,VAR_DESCR,-1,-1,T:\File Sharing\0616 ATMS Stop Estimates\Matching Files\Shapes\Routes\Refined Routes\740.shp,VAR_DESCR,-1,-1,T:\File Sharing\0616 ATMS Stop Estimates\Matching Files\Shapes\Routes\Refined Routes\744.shp,VAR_DESCR,-1,-1,T:\File Sharing\0616 ATMS Stop Estimates\Matching Files\Shapes\Routes\Refined Routes\745.shp,VAR_DESCR,-1,-1,T:\File Sharing\0616 ATMS Stop Estimates\Matching Files\Shapes\Routes\Refined Routes\750.shp,VAR_DESCR,-1,-1,T:\File Sharing\0616 ATMS Stop Estimates\Matching Files\Shapes\Routes\Refined Routes\751.shp,VAR_DESCR,-1,-1,T:\File Sharing\0616 ATMS Stop Estimates\Matching Files\Shapes\Routes\Refined Routes\754.shp,VAR_DESCR,-1,-1,T:\File Sharing\0616 ATMS Stop Estimates\Matching Files\Shapes\Routes\Refined Routes\757.shp,VAR_DESCR,-1,-1,T:\File Sharing\0616 ATMS Stop Estimates\Matching Files\Shapes\Routes\Refined Routes\76.shp,VAR_DESCR,-1,-1,T:\File Sharing\0616 ATMS Stop Estimates\Matching Files\Shapes\Routes\Refined Routes\760.shp,VAR_DESCR,-1,-1,T:\File Sharing\0616 ATMS Stop Estimates\Matching Files\Shapes\Routes\Refined Routes\762.shp,VAR_DESCR,-1,-1,T:\File Sharing\0616 ATMS Stop Estimates\Matching Files\Shapes\Routes\Refined Routes\770.shp,VAR_DESCR,-1,-1,T:\File Sharing\0616 ATMS Stop Estimates\Matching Files\Shapes\Routes\Refined Routes\78.shp,VAR_DESCR,-1,-1,T:\File Sharing\0616 ATMS Stop Estimates\Matching Files\Shapes\Routes\Refined Routes\780.shp,VAR_DESCR,-1,-1,T:\File Sharing\0616 ATMS Stop Estimates\Matching Files\Shapes\Routes\Refined Routes\788.shp,VAR_DESCR,-1,-1,T:\File Sharing\0616 ATMS Stop Estimates\Matching Files\Shapes\Routes\Refined Routes\794.shp,VAR_DESCR,-1,-1,T:\File Sharing\0616 ATMS Stop Estimates\Matching Files\Shapes\Routes\Refined Routes\81.shp,VAR_DESCR,-1,-1,T:\File Sharing\0616 ATMS Stop Estimates\Matching Files\Shapes\Routes\Refined Routes\83.shp,VAR_DESCR,-1,-1,T:\File Sharing\0616 ATMS Stop Estimates\Matching Files\Shapes\Routes\Refined Routes\90.shp,VAR_DESCR,-1,-1,T:\File Sharing\0616 ATMS Stop Estimates\Matching Files\Shapes\Routes\Refined Routes\901.shp,VAR_DESCR,-1,-1,T:\File Sharing\0616 ATMS Stop Estimates\Matching Files\Shapes\Routes\Refined Routes\910.shp,VAR_DESCR,-1,-1,T:\File Sharing\0616 ATMS Stop Estimates\Matching Files\Shapes\Routes\Refined Routes\92.shp,VAR_DESCR,-1,-1,T:\File Sharing\0616 ATMS Stop Estimates\Matching Files\Shapes\Routes\Refined Routes\94.shp,VAR_DESCR,-1,-1,T:\File Sharing\0616 ATMS Stop Estimates\Matching Files\Shapes\Routes\Refined Routes\96.shp,VAR_DESCR,-1,-1"</Process><Process ToolSource="c:\program files (x86)\arcgis\desktop10.1\ArcToolbox\Toolboxes\Data Management Tools.tbx\Merge" Date="20161202" Time="112018">Merge Export_Output_2;728 "D:\Dec 16 Shake Up\Route\728c.shp" "VAR_ROUTE "VAR_ROUTE" true true false 6 Text 0 0 ,First,#,Export_Output_2,VAR_ROUTE,-1,-1,728,VAR_ROUTE,-1,-1;VAR_IDENT "VAR_IDENT" true true false 3 Text 0 0 ,First,#,Export_Output_2,VAR_IDENT,-1,-1,728,VAR_IDENT,-1,-1;VAR_DIREC "VAR_DIREC" true true false 11 Double 0 11 ,First,#,Export_Output_2,VAR_DIREC,-1,-1,728,VAR_DIREC,-1,-1;VAR_DESCR "VAR_DESCR" true true false 41 Text 0 0 ,First,#,Export_Output_2,VAR_DESCR,-1,-1,728,VAR_DESCR,-1,-1"</Process></lineage><itemProps><itemName Sync="TRUE">728c</itemName><imsContentType Sync="TRUE">002</imsContentType><itemSize Sync="TRUE">0.000</itemSize><itemLocation><linkage Sync="TRUE">file://\\MTA259105\D$\Dec 16 Shake Up\Route\728c.shp</linkage><protocol Sync="TRUE">Local Area Network</protocol></itemLocation></itemProps><coordRef><type Sync="TRUE">Geographic</type><geogcsn Sync="TRUE">GCS_WGS_1984</geogcsn><csUnits Sync="TRUE">Angular Unit: Degree (0.017453)</csUnits><peXml Sync="TRUE">&lt;GeographicCoordinateSystem xsi:type='typens:GeographicCoordinateSystem' xmlns:xsi='http://www.w3.org/2001/XMLSchema-instance' xmlns:xs='http://www.w3.org/2001/XMLSchema' xmlns:typens='http://www.esri.com/schemas/ArcGIS/10.1'&gt;&lt;WKT&gt;GEOGCS[&amp;quot;GCS_WGS_1984&amp;quot;,DATUM[&amp;quot;D_WGS_1984&amp;quot;,SPHEROID[&amp;quot;WGS_1984&amp;quot;,6378137.0,298.257223563]],PRIMEM[&amp;quot;Greenwich&amp;quot;,0.0],UNIT[&amp;quot;Degree&amp;quot;,0.0174532925199433],AUTHORITY[&amp;quot;EPSG&amp;quot;,4326]]&lt;/WKT&gt;&lt;XOrigin&gt;-400&lt;/XOrigin&gt;&lt;YOrigin&gt;-400&lt;/YOrigin&gt;&lt;XYScale&gt;11258999068426.238&lt;/XYScale&gt;&lt;ZOrigin&gt;-100000&lt;/ZOrigin&gt;&lt;ZScale&gt;10000&lt;/ZScale&gt;&lt;MOrigin&gt;-100000&lt;/MOrigin&gt;&lt;MScale&gt;10000&lt;/MScale&gt;&lt;XYTolerance&gt;8.983152841195215e-009&lt;/XYTolerance&gt;&lt;ZTolerance&gt;0.001&lt;/ZTolerance&gt;&lt;MTolerance&gt;0.001&lt;/MTolerance&gt;&lt;HighPrecision&gt;true&lt;/HighPrecision&gt;&lt;LeftLongitude&gt;-180&lt;/LeftLongitude&gt;&lt;WKID&gt;4326&lt;/WKID&gt;&lt;LatestWKID&gt;4326&lt;/LatestWKID&gt;&lt;/GeographicCoordinateSystem&gt;</peXml></coordRef></DataProperties><SyncDate>20161202</SyncDate><SyncTime>11201800</SyncTime><ModDate>20161202</ModDate><ModTime>11201800</ModTime></Esri><dataIdInfo><envirDesc Sync="TRUE">Microsoft Windows 7 Version 6.1 (Build 7601) Service Pack 1; Esri ArcGIS 10.1.1.3143</envirDesc><dataLang><languageCode value="eng" Sync="TRUE"></languageCode><countryCode value="USA" Sync="TRUE"></countryCode></dataLang><idCitation><resTitle Sync="TRUE">728c</resTitle><presForm><PresFormCd value="005" Sync="TRUE"></PresFormCd></presForm></idCitation><spatRpType><SpatRepTypCd value="001" Sync="TRUE"></SpatRepTypCd></spatRpType></dataIdInfo><mdLang><languageCode value="eng" Sync="TRUE"></languageCode><countryCode value="USA" Sync="TRUE"></countryCode></mdLang><mdChar><CharSetCd value="004" Sync="TRUE"></CharSetCd></mdChar><distInfo><distFormat><formatName Sync="TRUE">Shapefile</formatName></distFormat><distTranOps><transSize Sync="TRUE">0.000</transSize></distTranOps></distInfo><mdHrLv><ScopeCd value="005" Sync="TRUE"></ScopeCd></mdHrLv><mdHrLvName Sync="TRUE">dataset</mdHrLvName><refSysInfo><RefSystem><refSysID><identCode code="4326" Sync="TRUE"></identCode><idCodeSpace Sync="TRUE">EPSG</idCodeSpace><idVersion Sync="TRUE">7.11.2</idVersion></refSysID></RefSystem></refSysInfo><spatRepInfo><VectSpatRep><geometObjs Name="728c"><geoObjTyp><GeoObjTypCd value="002" Sync="TRUE"></GeoObjTypCd></geoObjTyp><geoObjCnt Sync="TRUE">0</geoObjCnt></geometObjs><topLvl><TopoLevCd value="001" Sync="TRUE"></TopoLevCd></topLvl></VectSpatRep></spatRepInfo><spdoinfo><ptvctinf><esriterm Name="728c"><efeatyp Sync="TRUE">Simple</efeatyp><efeageom code="3" Sync="TRUE"></efeageom><esritopo Sync="TRUE">FALSE</esritopo><efeacnt Sync="TRUE">0</efeacnt><spindex Sync="TRUE">TRUE</spindex><linrefer Sync="TRUE">TRUE</linrefer></esriterm></ptvctinf></spdoinfo><eainfo><detailed Name="728c"><enttyp><enttypl Sync="TRUE">728c</enttypl><enttypt Sync="TRUE">Feature Class</enttypt><enttypc Sync="TRUE">0</enttypc></enttyp><attr><attrlabl Sync="TRUE">FID</attrlabl><attalias Sync="TRUE">FID</attalias><attrtype Sync="TRUE">OID</attrtype><attwidth Sync="TRUE">4</attwidth><atprecis Sync="TRUE">0</atprecis><attscale Sync="TRUE">0</attscale><attrdef Sync="TRUE">Internal feature number.</attrdef><attrdefs Sync="TRUE">Esri</attrdefs><attrdomv><udom Sync="TRUE">Sequential unique whole numbers that are automatically generated.</udom></attrdomv></attr><attr><attrlabl Sync="TRUE">Shape</attrlabl><attalias Sync="TRUE">Shape</attalias><attrtype Sync="TRUE">Geometry</attrtype><attwidth Sync="TRUE">0</attwidth><atprecis Sync="TRUE">0</atprecis><attscale Sync="TRUE">0</attscale><attrdef Sync="TRUE">Feature geometry.</attrdef><attrdefs Sync="TRUE">Esri</attrdefs><attrdomv><udom Sync="TRUE">Coordinates defining the features.</udom></attrdomv></attr><attr><attrlabl Sync="TRUE">VAR_ROUTE</attrlabl><attalias Sync="TRUE">VAR_ROUTE</attalias><attrtype Sync="TRUE">String</attrtype><attwidth Sync="TRUE">6</attwidth><atprecis Sync="TRUE">0</atprecis><attscale Sync="TRUE">0</attscale></attr><attr><attrlabl Sync="TRUE">VAR_IDENT</attrlabl><attalias Sync="TRUE">VAR_IDENT</attalias><attrtype Sync="TRUE">String</attrtype><attwidth Sync="TRUE">3</attwidth><atprecis Sync="TRUE">0</atprecis><attscale Sync="TRUE">0</attscale></attr><attr><attrlabl Sync="TRUE">VAR_DIREC</attrlabl><attalias Sync="TRUE">VAR_DIREC</attalias><attrtype Sync="TRUE">Double</attrtype><attwidth Sync="TRUE">11</attwidth><atprecis Sync="TRUE">11</atprecis><attscale Sync="TRUE">0</attscale></attr><attr><attrlabl Sync="TRUE">VAR_DESCR</attrlabl><attalias Sync="TRUE">VAR_DESCR</attalias><attrtype Sync="TRUE">String</attrtype><attwidth Sync="TRUE">41</attwidth><atprecis Sync="TRUE">0</atprecis><attscale Sync="TRUE">0</attscale></attr></detailed></eainfo><mdDateSt Sync="TRUE">20161202</mdDateSt></metadata>
